BB3:2.0GC-HG-E6,3.5,1.75,  2.44,2441.0,44.0,110.954545455,15,"[2.674, 1.0, 1.331]"
BB3:2.0R-ZN-GBL,2,1.0,  2.17,4349.0,155.0,56.1161290323,20,"[1.429, 1.511, 1.0]"
BB3:2.0R-ZN-GBL,2.5,1.25,  2.20,3068.0,94.0,65.2765957447,20,"[1.429, 1.511, 1.0]"
BB3:2.0R-ZN-GBL,3,1.5,  2.60,2699.0,58.0,93.0689655172,20,"[1.429, 1.511, 1.0]"
BB3:2.0R-ZN-GBL,3,2.25,  2.42,3347.0,50.0,133.88,20,"[1.429, 1.511, 1.0]"
BB3:2.0R-ZN-GBL,4,3.0,  2.10,1274.0,16.0,159.25,20,"[1.429, 1.511, 1.0]"
BB3:A6-C6,4,3.0,  2.01,1207.0,30.0,80.4666666667,6,"[1.0, 1.137]"
BB3:A6-ESX,1,0.75,  2.38,6465.0,372.0,34.7580645161,6,"[1.116, 1.0]"
BB3:A6-ESX,1.5,1.125,  2.06,5028.0,254.0,39.5905511811,6,"[1.116, 1.0]"
BB3:B6+R,1,0.5,  3.11,7205.0,456.0,31.600877193,6,"[1.15, 1.0]"
BB3:B6+R,1,0.75,  2.52,6210.0,333.0,37.2972972973,6,"[1.15, 1.0]"
BB3:B6+R,1.5,0.75,  3.08,5920.0,330.0,35.8787878788,6,"[1.15, 1.0]"
BB3:B6+R,1.5,1.125,  2.72,5833.0,240.0,48.6083333333,6,"[1.15, 1.0]"
BB3:B6+R,2,1.0,  2.52,3792.0,202.0,37.5445544554,6,"[1.15, 1.0]"
BB3:B6+R,2,1.5,  2.27,4061.0,160.0,50.7625,6,"[1.15, 1.0]"
BB3:B6+R,3,1.5,  3.52,2456.0,60.0,81.8666666667,6,"[1.15, 1.0]"
BB3:B6+R,3,2.25,  3.78,3645.0,60.0,121.5,6,"[1.15, 1.0]"
BB3:B6+R,3.5,1.75,  2.45,1325.0,30.0,88.3333333333,6,"[1.15, 1.0]"
BB3:B6+R,3.5,2.625,  2.66,1920.0,30.0,128.0,6,"[1.15, 1.0]"
BB3:B6+R,4,3.0,  2.10,1046.0,16.0,130.75,6,"[1.15, 1.0]"
BB3:BT-R-0.5B6+0.5J6,2,2,  2.05,8864.0,69.0,256.927536232,25,"[1.0, 1.947, 1.119, 1.481]"
BB3:BT-TN,1,0.5,  2.61,9680.0,357.0,54.2296918768,25,"[1.0, 3.0]"
BB3:BT-TN,1,0.75,  2.03,8602.0,207.0,83.1111111111,25,"[1.0, 3.0]"
BB3:BT-TN,1.5,1.125,  2.22,7948.0,201.0,79.0845771144,25,"[1.0, 3.0]"
BB3:BT-TS-0.3J6+0.3A6,1.5,1.125,  2.06,9391.0,173.0,108.566473988,35,"[1.125, 5.356, 1.0, 1.0]"
BB3:BT-ZN+0.3J6,1,0.5,  2.18,8207.0,343.0,47.8542274052,25,"[1.125, 4.63, 1.0]"
BB3:BT-ZN,1,0.5,  2.37,9097.0,337.0,53.9881305638,25,"[1.0, 4.115]"
BB3:BTP-E6,2.5,1.25,  2.75,3167.0,104.0,60.9038461538,10,"[1.0, 1.582]"
BB3:BTP-E6,2.5,1.875,  2.11,3330.0,98.0,67.9591836735,10,"[1.0, 1.582]"
BB3:BTP-E6,3,1.5,  2.14,1769.0,56.0,63.1785714286,10,"[1.0, 1.582]"
BB3:BTP-E6,3.5,2.625,  2.01,1607.0,30.0,107.133333333,10,"[1.0, 1.582]"
BB3:BTP-GBL-0.5DF,4,3.0,  2.20,1397.0,12.0,232.833333333,10,"[8.464, 19.188, 1.0]"
BB3:BTP-GBL-0.5ES,4,2.0,  2.37,1349.0,22.0,122.636363636,10,"[3.842, 8.711, 1.0]"
BB3:BTP-GBL-0.5ES,4,3.0,  3.02,2433.0,22.0,221.181818182,10,"[3.842, 8.711, 1.0]"
BB3:BTP-GBL-0.5ESX,4,2.0,  2.43,1383.0,18.0,153.666666667,10,"[1.0, 2.267, 1.104]"
BB3:BTP-GBL-0.5ESX,4,3.0,  2.42,1905.0,18.0,211.666666667,10,"[1.0, 2.267, 1.104]"
BB3:BTP-GBL-0.8ES,4,2.0,  2.15,1423.0,22.0,129.363636364,10,"[2.401, 5.444, 1.0]"
BB3:BTP-GBL-0.8ESX,4,3.0,  2.04,1669.0,18.0,185.444444444,10,"[1.0, 2.267, 1.767]"
BB3:BTP-GBL-2.0E6,2,1.0,  2.22,6679.0,188.0,71.0531914894,10,"[1.0, 2.267, 3.164]"
BB3:BTP-GBL-2.0E6,2.5,1.25,  2.48,5364.0,118.0,90.9152542373,10,"[1.0, 2.267, 3.164]"
BB3:BTP-GBL-2.0E6,2.5,1.875,  2.22,6128.0,104.0,117.846153846,10,"[1.0, 2.267, 3.164]"
BB3:BTP-GBL-2.0E6,3.5,2.625,  2.36,3498.0,40.0,174.9,10,"[1.0, 2.267, 3.164]"
BB3:BTP-GBL-2.0SPMIB,1,1,  2.81,11473.0,205.0,111.931707317,10,"[1.0, 2.267, 1.171]"
BB3:BTP-GBL-2.0SPMIB,1.5,0.75,  2.03,5394.0,292.0,36.9452054795,10,"[1.0, 2.267, 1.171]"
BB3:BTP-GBL-2.0SPMIB,2.5,1.875,  2.10,4247.0,104.0,81.6730769231,10,"[1.0, 2.267, 1.171]"
BB3:BTP-GBL-3SPMIB,2,1.5,  2.10,7541.0,170.0,88.7176470588,10,"[1.0, 2.267, 1.757]"
BB3:BTP-GBL-3SPMIB,2,2,  2.04,11832.0,89.0,265.887640449,10,"[1.0, 2.267, 1.757]"
BB3:BTP-OAT,3,2.25,  2.21,3501.0,66.0,106.090909091,10,"[1.0, 2.668]"
BB3:BTP-OAT,3.5,1.75,  2.01,1570.0,34.0,92.3529411765,10,"[1.0, 2.668]"
BB3:BTP-OAT,3.5,2.625,  2.47,2425.0,32.0,151.5625,10,"[1.0, 2.668]"
BB3:C6-E6,2.5,2.5,  2.83,7676.0,57.0,269.333333333,10,"[1.773, 1.0]"
BB3:C6-E6,3,3,  3.02,8188.0,41.0,399.414634146,10,"[1.773, 1.0]"
BB3:C6-E6,3.5,3.5,  2.09,5679.0,13.0,873.692307692,10,"[1.773, 1.0]"
BB3:C6-E6,4,4,  2.12,5612.0,9.0,1247.11111111,10,"[1.773, 1.0]"
BB3:C6-S6,3,3,  2.11,6487.0,39.0,332.666666667,10,"[1.343, 1.0]"
BB3:CGB+0.3C6,3,1.5,  2.22,1665.0,76.0,43.8157894737,6,"[3.48, 1.0]"
BB3:CGB+SXF-TS-YAP+C6-A6,1,0.5,  2.16,7968.0,358.0,44.5139664804,6,"[4.091, 1.0, 5.536, 1.282, 3.919, 3.445]"
BB3:CGB+SXF-TS-YAP+C6-A6,1.5,0.75,  2.43,7511.0,262.0,57.3358778626,6,"[4.091, 1.0, 5.536, 1.282, 3.919, 3.445]"
BB3:CGB+SXF-TS-YAP+C6-A6,2,1.0,  2.14,5300.0,180.0,58.8888888889,6,"[4.091, 1.0, 5.536, 1.282, 3.919, 3.445]"
BB3:CGB+SXF-TS-YAP+C6-A6,2,1.5,  2.07,6132.0,158.0,77.6202531646,6,"[4.091, 1.0, 5.536, 1.282, 3.919, 3.445]"
BB3:CGB-GBL-0.5E6+0.5C6,1.5,0.75,  2.04,3069.0,318.0,19.3018867925,6,"[3.701, 2.866, 1.0, 1.773]"
BB3:CGB-GBL-0.6E6+0.15C6,1.5,0.75,  2.20,3395.0,321.0,21.1526479751,6,"[6.96, 5.389, 2.256, 1.0]"
BB3:CGB-GBL-0.6E6+0.15C6,2,1.5,  2.05,3080.0,175.0,35.2,6,"[6.96, 5.389, 2.256, 1.0]"
BB3:CGB-GBL-0.75E6+0.3C6,1.5,0.75,  2.51,4014.0,332.0,24.1807228916,6,"[3.48, 2.694, 1.41, 1.0]"
BB3:CGB-GBL-0.75E6+0.3C6,1.5,1.125,  2.49,4418.0,260.0,33.9846153846,6,"[3.48, 2.694, 1.41, 1.0]"
BB3:CGB-GBL-0.75E6+0.3C6,2,1.0,  2.28,2878.0,220.0,26.1636363636,6,"[3.48, 2.694, 1.41, 1.0]"
BB3:CGB-GBL-0.75E6+0.3C6,2,1.5,  2.51,3847.0,190.0,40.4947368421,6,"[3.48, 2.694, 1.41, 1.0]"
BB3:CGB-GBL-E6+0.3C6,1.5,0.75,  2.53,4581.0,348.0,26.3275862069,6,"[3.48, 2.694, 1.88, 1.0]"
BB3:CGB-GBL-E6+0.3C6,1.5,1.125,  2.39,4875.0,270.0,36.1111111111,6,"[3.48, 2.694, 1.88, 1.0]"
BB3:CGB-GBL-E6+0.3C6,2,1.0,  2.08,2997.0,218.0,27.495412844,6,"[3.48, 2.694, 1.88, 1.0]"
BB3:CGB-GBL-E6+0.3C6,2,1.5,  2.33,4117.0,188.0,43.7978723404,6,"[3.48, 2.694, 1.88, 1.0]"
BB3:CGB-GBL-E6+0.3C6,2.5,1.875,  2.03,2835.0,112.0,50.625,6,"[3.48, 2.694, 1.88, 1.0]"
BB3:CGB-GBL-E6+C6,1.5,0.75,  2.54,4830.0,341.0,28.3284457478,6,"[1.851, 1.433, 1.0, 1.773]"
BB3:CGB-GBL-E6+C6,2,1.0,  2.17,3216.0,201.0,32.0,6,"[1.851, 1.433, 1.0, 1.773]"
BB3:CGB-GBM-E6+C6,1.5,0.75,  2.05,4338.0,294.0,29.5102040816,12,"[1.851, 3.595, 1.0, 1.773]"
BB3:CGB-GBM-E6+C6,2,1.0,  2.30,3741.0,192.0,38.96875,12,"[1.851, 3.595, 1.0, 1.773]"
BB3:CGB-GBM-E6+C6,3,1.5,  2.28,1738.0,42.0,82.7619047619,12,"[1.851, 3.595, 1.0, 1.773]"
BB3:CGB-GBX-0.3E6+0.3C6,4,2.0,  2.13,938.0,18.0,104.222222222,6,"[6.169, 1.768, 1.0, 1.773]"
BB3:CGB-R-0.5B6+0.5C6,1.5,0.75,  2.34,3344.0,321.0,20.8348909657,6,"[3.143, 1.739, 1.0, 1.506]"
BB3:CGB-R-0.5B6+0.5C6,2,1.0,  2.55,2908.0,209.0,27.8277511962,6,"[3.143, 1.739, 1.0, 1.506]"
BB3:CGB-R,2.5,1.25,  2.19,2098.0,121.0,34.6776859504,6,"[1.808, 1.0]"
BB3:CGB-TN+0.3C6,1.5,0.75,  2.63,3935.0,358.0,21.9832402235,6,"[3.48, 2.967, 1.0]"
BB3:CGB-TN+0.3C6,2,1.0,  2.06,2503.0,224.0,22.3482142857,6,"[3.48, 2.967, 1.0]"
BB3:CGB-TN,1,0.5,  2.09,3894.0,481.0,16.1912681913,6,"[1.173, 1.0]"
BB3:CGB-TN,1.5,0.75,  2.15,3242.0,335.0,19.3552238806,6,"[1.173, 1.0]"
BB3:CGB-UB+0.3C6,2,1.0,  2.31,2827.0,219.0,25.8173515982,6,"[3.48, 1.241, 1.0]"
BB3:CGB-US10Y+0.5C6,2,1.0,  2.02,2595.0,191.0,27.1727748691,6,"[9.0, 1.0, 4.311]"
BB3:CGB-US7Y+0.3C6,1,0.5,  2.25,4666.0,492.0,18.9674796748,6,"[7.008, 1.0, 2.014]"
BB3:CGB-US7Y+0.3C6,1.5,0.75,  2.16,3817.0,344.0,22.1918604651,6,"[7.008, 1.0, 2.014]"
BB3:CGB-ZB+0.5C6,2.5,1.25,  2.56,2728.0,145.0,37.6275862069,6,"[2.088, 1.057, 1.0]"
BB3:CGB-ZN+0.3C6,1,0.5,  2.14,4078.0,482.0,16.9211618257,6,"[3.48, 4.07, 1.0]"
BB3:CGB-ZN+0.3C6,1.5,0.75,  2.10,3390.0,336.0,20.1785714286,6,"[3.48, 4.07, 1.0]"
BB3:CGB-ZN+0.5C6,1,0.5,  2.28,4604.0,501.0,18.379241517,6,"[2.088, 2.442, 1.0]"
BB3:CGB-ZN+0.5C6,1.5,0.75,  2.10,3556.0,342.0,20.7953216374,6,"[2.088, 2.442, 1.0]"
BB3:CGB-ZN+0.5C6,2,1.0,  2.29,3009.0,226.0,26.6283185841,6,"[2.088, 2.442, 1.0]"
BB3:CGF-CGB+0.5C6,3,1.5,  4.44,12099.0,112.0,216.053571429,20,"[4.659, 2.088, 1.0]"
BB3:CGF-CGB+0.5C6,3.5,1.75,  4.03,9464.0,72.0,262.888888889,20,"[4.659, 2.088, 1.0]"
BB3:CGF-CGB+0.5C6,3.5,2.625,  3.08,8498.0,64.0,265.5625,20,"[4.659, 2.088, 1.0]"
BB3:CGF-CGB+0.5C6,4,2.0,  3.91,8623.0,56.0,307.964285714,20,"[4.659, 2.088, 1.0]"
BB3:CGF-CGB+0.5C6,4,3.0,  3.21,8029.0,50.0,321.16,20,"[4.659, 2.088, 1.0]"
BB3:CGF-CGB,2.5,1.25,  6.66,19945.0,192.0,207.760416667,20,"[2.232, 1.0]"
BB3:CGF-CGB,2.5,1.875,  4.95,18035.0,148.0,243.716216216,20,"[2.232, 1.0]"
BB3:CGF-CGB,3,1.5,  6.04,17583.0,160.0,219.7875,20,"[2.232, 1.0]"
BB3:CGF-CGB,3,2.25,  4.90,15807.0,138.0,229.086956522,20,"[2.232, 1.0]"
BB3:CGF-CGB,3.5,1.75,  5.67,15759.0,136.0,231.75,20,"[2.232, 1.0]"
BB3:CGF-CGB,3.5,2.625,  4.96,14807.0,126.0,235.031746032,20,"[2.232, 1.0]"
BB3:CGF-CGB,4,2.0,  5.70,14778.0,112.0,263.892857143,20,"[2.232, 1.0]"
BB3:CGF-CGB,4,3.0,  5.01,13950.0,104.0,268.269230769,20,"[2.232, 1.0]"
BB3:CL-B6,3,3,  2.17,7850.0,33.0,475.757575758,6,"[1.0, 2.747]"
BB3:CL-OIL,1,0.5,  2.28,2465.0,383.0,12.8720626632,6,"[1.125, 1.0]"
BB3:CL-R6,4,2.0,  2.02,2889.0,32.0,180.5625,6,"[1.0, 5.283]"
BB3:CL-YAP,2.5,2.5,  2.38,8665.0,67.0,258.656716418,6,"[1.0, 1.354]"
BB3:DF-0.5MX-0.5X,1,0.5,  3.30,4331.0,437.0,19.8215102975,5,"[1.0, 2.92, 2.145]"
BB3:DF-0.5MX-0.5X,1,0.75,  2.93,4033.0,345.0,23.3797101449,5,"[1.0, 2.92, 2.145]"
BB3:DF-0.5MX-0.5X,1,1,  2.24,3762.0,157.0,47.923566879,5,"[1.0, 2.92, 2.145]"
BB3:DF-0.5MX-0.5X,1.5,0.75,  3.21,3578.0,303.0,23.6171617162,5,"[1.0, 2.92, 2.145]"
BB3:DF-0.5MX-0.5X,1.5,1.125,  2.95,3639.0,249.0,29.2289156627,5,"[1.0, 2.92, 2.145]"
BB3:DF-0.5MX-0.5X,2,1.0,  2.36,2111.0,189.0,22.3386243386,5,"[1.0, 2.92, 2.145]"
BB3:DF-0.5MX-0.5X,2,1.5,  2.34,2455.0,163.0,30.1226993865,5,"[1.0, 2.92, 2.145]"
BB3:DF-0.5MX-0.5X,2.5,1.875,  2.45,2134.0,111.0,38.4504504505,5,"[1.0, 2.92, 2.145]"
BB3:DF-0.5MX-0.5X,3,1.5,  2.08,1189.0,64.0,37.15625,5,"[1.0, 2.92, 2.145]"
BB3:DF-0.5X-0.5ES,1.5,0.75,  2.08,2586.0,300.0,17.24,5,"[1.0, 2.145, 1.101]"
BB3:DF-A6,1.5,1.125,  2.46,6052.0,261.0,46.3754789272,5,"[1.0, 10.435]"
BB3:DF-A6,1.5,1.5,  2.44,8152.0,131.0,124.458015267,5,"[1.0, 10.435]"
BB3:DF-C6,1,0.75,  2.08,5773.0,357.0,32.3417366947,5,"[1.0, 11.87]"
BB3:DF-ESX,1,0.5,  2.80,3388.0,485.0,13.9711340206,5,"[1.0, 9.348]"
BB3:DF-ESX,1,0.75,  2.28,3001.0,327.0,18.3547400612,5,"[1.0, 9.348]"
BB3:DF-ESX,1.5,0.75,  2.70,2590.0,328.0,15.7926829268,5,"[1.0, 9.348]"
BB3:DF-ESX,1.5,1.125,  2.33,2579.0,257.0,20.0700389105,5,"[1.0, 9.348]"
BB3:DF-ESX,1.5,1.5,  2.23,3466.0,141.0,49.1631205674,5,"[1.0, 9.348]"
BB3:DF-ESX,2,1.0,  2.16,1639.0,204.0,16.068627451,5,"[1.0, 9.348]"
BB3:DF-MX,1,0.5,  3.11,3732.0,445.0,16.7730337079,5,"[1.0, 5.841]"
BB3:DF-MX,1,0.75,  2.91,3729.0,341.0,21.8709677419,5,"[1.0, 5.841]"
BB3:DF-MX,1,1,  2.17,3410.0,177.0,38.5310734463,5,"[1.0, 5.841]"
BB3:DF-MX,1.5,0.75,  3.07,3096.0,313.0,19.7827476038,5,"[1.0, 5.841]"
BB3:DF-MX,1.5,1.125,  3.01,3363.0,255.0,26.3764705882,5,"[1.0, 5.841]"
BB3:DF-MX,1.5,1.5,  2.28,3582.0,117.0,61.2307692308,5,"[1.0, 5.841]"
BB3:DF-MX,2.5,1.875,  2.28,1849.0,112.0,33.0178571429,5,"[1.0, 5.841]"
BB3:DF-MX,3,2.25,  2.05,1421.0,74.0,38.4054054054,5,"[1.0, 5.841]"
BB3:DF-SXF-C6+E6,3,3,  2.24,7489.0,27.0,554.740740741,5,"[1.0, 3.029, 11.87, 6.696]"
BB3:DF-X-0.3B6+0.3E6,1,0.5,  2.79,4523.0,499.0,18.128256513,5,"[1.0, 4.29, 2.365, 2.009]"
BB3:DF-X-0.3B6+0.3E6,1,0.75,  2.44,4214.0,381.0,22.1207349081,5,"[1.0, 4.29, 2.365, 2.009]"
BB3:DF-X-0.3B6+0.3E6,1.5,0.75,  2.38,3298.0,333.0,19.8078078078,5,"[1.0, 4.29, 2.365, 2.009]"
BB3:DF-X-0.3B6+0.3E6,1.5,1.125,  2.46,3787.0,261.0,29.0191570881,5,"[1.0, 4.29, 2.365, 2.009]"
BB3:DF-X-0.3B6+0.3E6,2,1.0,  2.95,3273.0,234.0,27.9743589744,5,"[1.0, 4.29, 2.365, 2.009]"
BB3:DF-X-0.3B6+0.3E6,2,1.5,  2.32,3069.0,187.0,32.8235294118,5,"[1.0, 4.29, 2.365, 2.009]"
BB3:DF-X-0.3B6+0.3E6,2.5,1.25,  2.47,2138.0,144.0,29.6944444444,5,"[1.0, 4.29, 2.365, 2.009]"
BB3:DF-X-0.3B6+0.3E6,2.5,1.875,  2.12,2347.0,123.0,38.162601626,5,"[1.0, 4.29, 2.365, 2.009]"
BB3:DF-X,1,0.5,  2.70,4573.0,437.0,20.9290617849,5,"[1.0, 4.29]"
BB3:DF-X,1,0.75,  2.10,3779.0,327.0,23.1131498471,5,"[1.0, 4.29]"
BB3:DF-X,1.5,0.75,  2.19,3125.0,279.0,22.4014336918,5,"[1.0, 4.29]"
BB3:DF-X,2,1.0,  2.27,2546.0,195.0,26.1128205128,5,"[1.0, 4.29]"
BB3:DF-X,2.5,1.25,  2.41,1932.0,120.0,32.2,5,"[1.0, 4.29]"
BB3:DF-X,2.5,1.875,  2.07,2244.0,107.0,41.9439252336,5,"[1.0, 4.29]"
BB3:DF-X,3,1.5,  2.10,1187.0,58.0,40.9310344828,5,"[1.0, 4.29]"
BB3:DF-X,3,2.25,  2.37,1803.0,58.0,62.1724137931,5,"[1.0, 4.29]"
BB3:DF-X,3.5,1.75,  2.00,731.0,28.0,52.2142857143,5,"[1.0, 4.29]"
BB3:DF-XXP,1,0.5,  2.67,9693.0,489.0,39.6441717791,5,"[1.0, 18.116]"
BB3:DF-XXP,1,0.75,  2.04,7692.0,329.0,46.7598784195,5,"[1.0, 18.116]"
BB3:DF-XXP,1.5,0.75,  3.16,8751.0,354.0,49.4406779661,5,"[1.0, 18.116]"
BB3:DF-XXP,1.5,1.125,  2.36,7527.0,273.0,55.1428571429,5,"[1.0, 18.116]"
BB3:DF-XXP,2,1.0,  2.84,7550.0,218.0,69.2660550459,5,"[1.0, 18.116]"
BB3:DF-XXP,2,1.5,  3.01,8133.0,187.0,86.9839572193,5,"[1.0, 18.116]"
BB3:DF-XXP,2.5,1.25,  2.67,6968.0,142.0,98.1408450704,5,"[1.0, 18.116]"
BB3:DF-XXP,2.5,1.875,  2.78,7405.0,128.0,115.703125,5,"[1.0, 18.116]"
BB3:DF-XXP,3,1.5,  2.45,6279.0,86.0,146.023255814,5,"[1.0, 18.116]"
BB3:DF-XXP,3,2.25,  2.50,6484.0,76.0,170.631578947,5,"[1.0, 18.116]"
BB3:DF-XXP,3,3,  2.22,8715.0,33.0,528.181818182,5,"[1.0, 18.116]"
BB3:DF-XXP,3.5,1.75,  2.41,6122.0,60.0,204.066666667,5,"[1.0, 18.116]"
BB3:DF-XXP,3.5,2.625,  2.39,6153.0,56.0,219.75,5,"[1.0, 18.116]"
BB3:DF-XXP,3.5,3.5,  2.28,8957.0,29.0,617.724137931,5,"[1.0, 18.116]"
BB3:DF-XXP,4,2.0,  2.23,5636.0,32.0,352.25,5,"[1.0, 18.116]"
BB3:DF-XXP,4,3.0,  2.26,5770.0,32.0,360.625,5,"[1.0, 18.116]"
BB3:DF-XXP,4,4,  2.10,8230.0,17.0,968.235294118,5,"[1.0, 18.116]"
BB3:DF-YAP-0.3A6+0.3E6,1,0.5,  2.43,5314.0,386.0,27.5336787565,5,"[1.0, 3.884, 3.13, 2.009]"
BB3:DF-YAP-0.3A6+0.3E6,1,0.75,  2.35,5623.0,301.0,37.3621262458,5,"[1.0, 3.884, 3.13, 2.009]"
BB3:DF-YAP-0.3A6+0.3E6,1.5,0.75,  2.57,4703.0,270.0,34.837037037,5,"[1.0, 3.884, 3.13, 2.009]"
BB3:DF-YAP-0.3A6+0.3E6,1.5,1.125,  2.30,4961.0,220.0,45.1,5,"[1.0, 3.884, 3.13, 2.009]"
BB3:DF-YAP-0.3A6+0.3E6,2,2,  2.35,6888.0,101.0,136.396039604,5,"[1.0, 3.884, 3.13, 2.009]"
BB3:E6+GBL,2,1.5,  2.51,5190.0,188.0,55.2127659574,5,"[1.0, 1.433]"
BB3:E6+GBL,2.5,1.875,  2.28,3893.0,122.0,63.8196721311,5,"[1.0, 1.433]"
BB3:E6+GBL,2.5,2.5,  2.13,6870.0,61.0,225.245901639,5,"[1.0, 1.433]"
BB3:E6+GBL,3.5,1.75,  2.21,1211.0,34.0,71.2352941176,5,"[1.0, 1.433]"
BB3:E6-B6,1.5,0.75,  2.03,3489.0,360.0,19.3833333333,5,"[1.0, 1.177]"
BB3:E6-C6,2.5,2.5,  2.73,7417.0,57.0,260.245614035,5,"[1.0, 1.773]"
BB3:E6-C6,3,3,  3.17,8597.0,45.0,382.088888889,5,"[1.0, 1.773]"
BB3:E6-C6,4,4,  2.11,5597.0,9.0,1243.77777778,5,"[1.0, 1.773]"
BB3:E6-J6+GBL,1,0.5,  2.11,5179.0,510.0,20.3098039216,5,"[1.0, 1.558, 1.433]"
BB3:E6-J6+GBL,1.5,0.75,  2.17,4430.0,348.0,25.4597701149,5,"[1.0, 1.558, 1.433]"
BB3:E6-J6+GBL,2,1.0,  2.10,3474.0,222.0,31.2972972973,5,"[1.0, 1.558, 1.433]"
BB3:E6-J6+GBL,4,2.0,  2.54,1023.0,22.0,93.0,5,"[1.0, 1.558, 1.433]"
BB3:ESX+GBL-NKD-J6,4,4,  2.18,7083.0,9.0,1574.0,6,"[3.686, 3.783, 1.0, 4.114]"
BB3:ESX+VS,1,0.5,  2.12,6367.0,371.0,34.3234501348,15,"[1.0, 6.191]"
BB3:ESX+VS,1.5,0.75,  2.17,5303.0,290.0,36.5724137931,15,"[1.0, 6.191]"
BB3:ESX+VS2,1,0.5,  3.51,11574.0,499.0,46.3887775551,15,"[1.0, 7.705]"
BB3:ESX+VS2,1.5,0.75,  2.66,7557.0,331.0,45.6616314199,15,"[1.0, 7.705]"
BB3:ESX+VS2,2,1.0,  2.69,5789.0,215.0,53.8511627907,15,"[1.0, 7.705]"
BB3:ESX+VS2,2.5,1.25,  2.38,3726.0,119.0,62.6218487395,15,"[1.0, 7.705]"
BB3:ESX+VS3,1,0.5,  4.54,17043.0,493.0,69.139959432,20,"[1.0, 9.081]"
BB3:ESX+VS3,1,0.75,  3.00,12817.0,269.0,95.2936802974,20,"[1.0, 9.081]"
BB3:ESX+VS3,1,1,  2.50,12148.0,205.0,118.517073171,20,"[1.0, 9.081]"
BB3:ESX+VS3,1.5,0.75,  3.98,12692.0,354.0,71.7062146893,20,"[1.0, 9.081]"
BB3:ESX+VS3,1.5,1.125,  2.89,10530.0,239.0,88.1171548117,20,"[1.0, 9.081]"
BB3:ESX+VS3,2,1.0,  3.68,9462.0,230.0,82.2782608696,20,"[1.0, 9.081]"
BB3:ESX+VS3,2,1.5,  2.98,9091.0,180.0,101.011111111,20,"[1.0, 9.081]"
BB3:ESX+VS3,2.5,1.25,  3.09,6166.0,122.0,101.081967213,20,"[1.0, 9.081]"
BB3:ESX+VS3,2.5,1.875,  2.60,6384.0,110.0,116.072727273,20,"[1.0, 9.081]"
BB3:ESX+VS3,3,1.5,  2.19,3272.0,60.0,109.066666667,20,"[1.0, 9.081]"
BB3:ESX+VS3,3,2.25,  2.17,3928.0,56.0,140.285714286,20,"[1.0, 9.081]"
BB3:ESX-0.53DF-0.40MX-0.10IM,1,0.5,  2.05,1882.0,302.0,12.4635761589,6,"[29.861, 1.693, 7.463, 1.0]"
BB3:ESX-0.53DF-0.40MX-0.10IM,1.5,0.75,  2.19,1671.0,258.0,12.9534883721,6,"[29.861, 1.693, 7.463, 1.0]"
BB3:ESX-DF,1,0.5,  2.83,3410.0,449.0,15.1893095768,6,"[9.348, 1.0]"
BB3:ESX-DF,1,0.75,  2.25,3009.0,289.0,20.8235294118,6,"[9.348, 1.0]"
BB3:ESX-DF,1.5,0.75,  2.71,2605.0,308.0,16.9155844156,6,"[9.348, 1.0]"
BB3:ESX-DF,1.5,1.125,  2.40,2686.0,239.0,22.4769874477,6,"[9.348, 1.0]"
BB3:ESX-DF,1.5,1.5,  2.40,3734.0,141.0,52.9645390071,6,"[9.348, 1.0]"
BB3:ESX-DF,2,1.0,  2.19,1653.0,194.0,17.0412371134,6,"[9.348, 1.0]"
BB3:ESX-ESB-GBL,1,0.5,  2.22,6800.0,513.0,26.5107212476,6,"[1.0, 4.45, 1.026]"
BB3:ESX-ESB-GBL,1,0.75,  2.03,6545.0,395.0,33.1392405063,6,"[1.0, 4.45, 1.026]"
BB3:ESX-ESB-GBL,1.5,0.75,  2.40,6157.0,356.0,34.5898876404,6,"[1.0, 4.45, 1.026]"
BB3:ESX-ESB-GBL,2.5,1.25,  2.04,3196.0,154.0,41.5064935065,6,"[1.0, 4.45, 1.026]"
BB3:ESX-M6,4,3.0,  2.43,577.0,6.0,192.333333333,6,"[1.0, 2.101]"
BB3:ESX-MX,1.5,0.75,  2.06,2109.0,269.0,15.6802973978,6,"[1.6, 1.0]"
BB3:ESX-SXF-C6+E6,3.5,3.5,  2.18,7399.0,25.0,591.92,6,"[3.086, 1.0, 3.919, 2.211]"
BB3:ESX-X,1,0.5,  2.76,3739.0,237.0,31.552742616,6,"[2.179, 1.0]"
BB3:ESX-X,1,0.75,  3.04,4280.0,201.0,42.5870646766,6,"[2.179, 1.0]"
BB3:ESX-X,1,1,  2.04,3457.0,93.0,74.3440860215,6,"[2.179, 1.0]"
BB3:ESX-X,1.5,0.75,  2.10,2477.0,147.0,33.7006802721,6,"[2.179, 1.0]"
BB3:ESX-X,1.5,1.125,  2.29,2936.0,125.0,46.976,6,"[2.179, 1.0]"
BB3:ESX-X,2,1.0,  2.13,2151.0,108.0,39.8333333333,6,"[2.179, 1.0]"
BB3:ESX-X,2,1.5,  2.23,2587.0,92.0,56.2391304348,6,"[2.179, 1.0]"
BB3:ESX-X,2.5,1.25,  2.09,1441.0,64.0,45.03125,6,"[2.179, 1.0]"
BB3:GBL+0.5DF-R-0.5X,1,0.5,  2.00,3642.0,437.0,16.6681922197,6,"[19.188, 1.0, 13.71, 4.29]"
BB3:GBL+DF-R-X,2,1.0,  2.79,4103.0,221.0,37.1312217195,6,"[9.594, 1.0, 6.855, 4.29]"
BB3:GBL+DF-R-X,2,1.5,  2.30,4178.0,183.0,45.6612021858,6,"[9.594, 1.0, 6.855, 4.29]"
BB3:GBL+DF-R-X,2.5,1.25,  2.12,2277.0,119.0,38.268907563,6,"[9.594, 1.0, 6.855, 4.29]"
BB3:GBL+DF-R-X,2.5,1.875,  2.49,3499.0,115.0,60.852173913,6,"[9.594, 1.0, 6.855, 4.29]"
BB3:GBL+DF-R-X,3,2.25,  2.82,2551.0,65.0,78.4923076923,6,"[9.594, 1.0, 6.855, 4.29]"
BB3:GBL+E6,2,1.5,  2.62,5457.0,180.0,60.6333333333,10,"[1.433, 1.0]"
BB3:GBL+ESX+0.5VS,4,2.0,  2.89,1146.0,16.0,143.25,10,"[1.026, 1.0, 3.095]"
BB3:GBL+ESX+0.5VS,4,3.0,  2.27,1375.0,16.0,171.875,10,"[1.026, 1.0, 3.095]"
BB3:GBL+ESX-CGB-SXF+E6-C6,1,0.5,  2.06,5817.0,328.0,35.4695121951,20,"[3.167, 3.086, 4.091, 1.0, 2.211, 3.919]"
BB3:GBL+ESX-CGB-SXF+E6-C6,1,0.75,  2.08,6452.0,233.0,55.3819742489,20,"[3.167, 3.086, 4.091, 1.0, 2.211, 3.919]"
BB3:GBL+ESX-R-X+E6-B6,1,0.5,  2.08,4552.0,413.0,22.0435835351,10,"[2.236, 2.179, 1.598, 1.0, 1.561, 1.838]"
BB3:GBL+ESX-R-X,3,1.5,  2.05,1606.0,62.0,51.8064516129,15,"[2.236, 2.179, 1.598, 1.0]"
BB3:GBL-R-0.5B6+0.5E6,1,0.5,  2.19,3403.0,289.0,23.5501730104,15,"[2.866, 2.048, 1.177, 1.0]"
BB3:GBL-R-0.5B6+0.5E6,1.5,0.75,  2.25,2897.0,231.0,25.0822510823,15,"[2.866, 2.048, 1.177, 1.0]"
BB3:GBL-R-0.5B6+0.5E6,2,1.0,  2.11,2062.0,139.0,29.6690647482,15,"[2.866, 2.048, 1.177, 1.0]"
BB3:GBL-R-0.5B6+0.5E6,2.5,1.875,  2.33,2065.0,76.0,54.3421052632,15,"[2.866, 2.048, 1.177, 1.0]"
BB3:GBL-R-0.67B6+0.67E6,2.5,2.5,  2.29,4782.0,45.0,212.533333333,15,"[2.139, 1.528, 1.177, 1.0]"
BB3:GBL-R-0.75B6+0.75E6,1,0.5,  2.24,3809.0,321.0,23.7320872274,15,"[1.911, 1.365, 1.177, 1.0]"
BB3:GBL-R-0.75B6+0.75E6,1.5,0.75,  2.14,3024.0,239.0,25.3054393305,15,"[1.911, 1.365, 1.177, 1.0]"
BB3:GBL-R-0.75B6+0.75E6,2.5,1.25,  2.12,1443.0,76.0,37.9736842105,15,"[1.911, 1.365, 1.177, 1.0]"
BB3:GBL-R-B6+E6,1,0.5,  2.10,4158.0,341.0,24.3870967742,15,"[1.433, 1.024, 1.177, 1.0]"
BB3:GBL-R-B6+E6,1.5,0.75,  2.04,3355.0,247.0,27.1659919028,15,"[1.433, 1.024, 1.177, 1.0]"
BB3:GBL-R-B6+E6,2.5,1.25,  2.40,2046.0,86.0,47.5813953488,15,"[1.433, 1.024, 1.177, 1.0]"
BB3:GBL-R-X+ESX,3,1.5,  2.06,1612.0,62.0,52.0,15,"[2.236, 1.598, 1.0, 2.179]"
BB3:GBL-TN+0.3E6,1,0.5,  2.71,5207.0,363.0,28.6887052342,15,"[4.776, 5.26, 1.0]"
BB3:GBL-TN+0.3E6,1.5,0.75,  2.21,3492.0,241.0,28.979253112,15,"[4.776, 5.26, 1.0]"
BB3:GBL-TN+0.3E6,2,1.0,  2.73,3267.0,166.0,39.3614457831,15,"[4.776, 5.26, 1.0]"
BB3:GBL-TN+E6,1,0.5,  2.25,5564.0,396.0,28.101010101,15,"[1.433, 1.578, 1.0]"
BB3:GBL-TN+E6,1,0.75,  2.21,5845.0,302.0,38.7086092715,15,"[1.433, 1.578, 1.0]"
BB3:GBL-TN+E6,1.5,0.75,  2.21,4532.0,274.0,33.0802919708,15,"[1.433, 1.578, 1.0]"
BB3:GBL-TN+E6,2,1.0,  2.38,3817.0,188.0,40.6063829787,15,"[1.433, 1.578, 1.0]"
BB3:GBL-TN+E6,2,1.5,  2.23,4304.0,160.0,53.8,15,"[1.433, 1.578, 1.0]"
BB3:GBL-TN+E6,3,1.5,  2.10,1595.0,48.0,66.4583333333,15,"[1.433, 1.578, 1.0]"
BB3:GBL-UB+E6,1,0.5,  2.15,5315.0,393.0,27.048346056,15,"[2.17, 1.0, 1.515]"
BB3:GBL-UB+E6,1.5,0.75,  2.70,5483.0,289.0,37.9446366782,15,"[2.17, 1.0, 1.515]"
BB3:GBL-UB+E6,1.5,1.125,  2.15,4937.0,231.0,42.7445887446,15,"[2.17, 1.0, 1.515]"
BB3:GBL-UB+E6,2,1.0,  2.70,4136.0,180.0,45.9555555556,15,"[2.17, 1.0, 1.515]"
BB3:GBL-UB+E6,2,1.5,  2.64,4943.0,160.0,61.7875,15,"[2.17, 1.0, 1.515]"
BB3:GBL-UB+E6,2.5,1.25,  2.04,2168.0,90.0,48.1777777778,15,"[2.17, 1.0, 1.515]"
BB3:GBL-UB+E6,2.5,1.875,  2.17,3032.0,86.0,70.511627907,15,"[2.17, 1.0, 1.515]"
BB3:GBL-US10Y+0.3E6,1,0.5,  2.28,4571.0,335.0,27.2895522388,15,"[6.968, 1.0, 1.459]"
BB3:GBL-US10Y+0.3E6,1.5,0.75,  2.26,3701.0,233.0,31.7682403433,15,"[6.968, 1.0, 1.459]"
BB3:GBL-US10Y+0.3E6,2,1.0,  2.28,2861.0,152.0,37.6447368421,15,"[6.968, 1.0, 1.459]"
BB3:GBL-US10Y+0.3E6,2.5,1.875,  2.03,2350.0,82.0,57.3170731707,15,"[6.968, 1.0, 1.459]"
BB3:GBL-US10Y+0.5E6,1,0.5,  2.27,4743.0,347.0,27.3371757925,15,"[6.968, 1.0, 2.432]"
BB3:GBL-US10Y+0.5E6,1.5,0.75,  2.37,4116.0,243.0,33.8765432099,15,"[6.968, 1.0, 2.432]"
BB3:GBL-US10Y+0.5E6,2,1.0,  2.94,3865.0,172.0,44.9418604651,15,"[6.968, 1.0, 2.432]"
BB3:GBL-US10Y+0.5E6,2.5,1.25,  2.30,2056.0,84.0,48.9523809524,15,"[6.968, 1.0, 2.432]"
BB3:GBL-US7Y+0.3E6,1,0.5,  2.33,5223.0,347.0,30.1037463977,15,"[5.426, 1.0, 1.136]"
BB3:GBL-US7Y+0.3E6,1.5,0.75,  2.35,4414.0,244.0,36.1803278689,15,"[5.426, 1.0, 1.136]"
BB3:GBL-US7Y+0.3E6,2.5,1.875,  2.06,2569.0,80.0,64.225,15,"[5.426, 1.0, 1.136]"
BB3:GBL-US7Y+0.5E6,1,0.5,  2.36,5463.0,359.0,30.43454039,15,"[5.426, 1.0, 1.893]"
BB3:GBL-US7Y+0.5E6,1.5,0.75,  2.74,5223.0,264.0,39.5681818182,15,"[5.426, 1.0, 1.893]"
BB3:GBL-US7Y+0.5E6,2,1.0,  2.67,4077.0,184.0,44.3152173913,15,"[5.426, 1.0, 1.893]"
BB3:GBL-US7Y+0.5E6,2.5,1.25,  2.11,2176.0,90.0,48.3555555556,15,"[5.426, 1.0, 1.893]"
BB3:GBL-ZB+0.5E6,1,0.5,  2.07,4418.0,493.0,17.9229208925,6,"[2.866, 1.874, 1.0]"
BB3:GBL-ZB+0.5E6,1.5,0.75,  2.06,3634.0,321.0,22.6417445483,6,"[2.866, 1.874, 1.0]"
BB3:GBL-ZB+0.5E6,2,1.0,  2.54,3427.0,209.0,32.7942583732,6,"[2.866, 1.874, 1.0]"
BB3:GBL-ZB+0.5E6,2.5,1.25,  2.30,2134.0,111.0,38.4504504505,6,"[2.866, 1.874, 1.0]"
BB3:GBL-ZB+0.7E6,1,0.5,  2.46,5548.0,505.0,21.9722772277,6,"[2.047, 1.339, 1.0]"
BB3:GBL-ZB+0.7E6,1.5,0.75,  3.05,5750.0,357.0,32.2128851541,6,"[2.047, 1.339, 1.0]"
BB3:GBL-ZB+0.7E6,1.5,1.125,  2.12,4518.0,269.0,33.5910780669,6,"[2.047, 1.339, 1.0]"
BB3:GBL-ZB+0.7E6,2,1.0,  2.99,4271.0,223.0,38.3049327354,6,"[2.047, 1.339, 1.0]"
BB3:GBL-ZB+0.7E6,2,1.5,  2.26,3989.0,179.0,44.5698324022,6,"[2.047, 1.339, 1.0]"
BB3:GBL-ZB+E6,1,0.5,  2.53,6295.0,507.0,24.83234714,6,"[1.529, 1.0, 1.067]"
BB3:GBL-ZB+E6,1,0.75,  2.04,5424.0,379.0,28.6226912929,6,"[1.529, 1.0, 1.067]"
BB3:GBL-ZB+E6,1.5,0.75,  2.59,5396.0,350.0,30.8342857143,6,"[1.529, 1.0, 1.067]"
BB3:GBL-ZB+E6,1.5,1.125,  2.34,5451.0,263.0,41.4524714829,6,"[1.529, 1.0, 1.067]"
BB3:GBL-ZB+E6,2,1.0,  2.01,3231.0,200.0,32.31,6,"[1.529, 1.0, 1.067]"
BB3:GBL-ZB+E6,2,1.5,  2.46,4689.0,172.0,54.523255814,6,"[1.529, 1.0, 1.067]"
BB3:GBL-ZN+0.3E6-0.3ES,1,0.5,  2.81,5764.0,536.0,21.5074626866,6,"[14.518, 21.93, 3.039, 1.0]"
BB3:GBL-ZN+0.3E6-0.3ES,1,0.75,  2.33,5114.0,406.0,25.1921182266,6,"[14.518, 21.93, 3.039, 1.0]"
BB3:GBL-ZN+0.3E6-0.3ES,1.5,0.75,  2.38,3939.0,322.0,24.4658385093,6,"[14.518, 21.93, 3.039, 1.0]"
BB3:GBL-ZN+0.3E6-0.3ES,1.5,1.125,  2.01,3843.0,260.0,29.5615384615,6,"[14.518, 21.93, 3.039, 1.0]"
BB3:GBL-ZN+0.3E6,1,0.5,  2.60,5382.0,491.0,21.9226069246,6,"[4.776, 7.215, 1.0]"
BB3:GBL-ZN+0.3E6,1.5,0.75,  2.58,4479.0,318.0,28.1698113208,6,"[4.776, 7.215, 1.0]"
BB3:GBL-ZN+0.3E6,2,1.0,  2.71,3663.0,216.0,33.9166666667,6,"[4.776, 7.215, 1.0]"
BB3:GBL-ZN+0.3E6,2,1.5,  2.19,3553.0,178.0,39.9213483146,6,"[4.776, 7.215, 1.0]"
BB3:GBL-ZN+0.3E6,2.5,1.25,  2.10,2022.0,108.0,37.4444444444,6,"[4.776, 7.215, 1.0]"
BB3:GBL-ZN+0.5E6,1,0.5,  3.47,7453.0,564.0,26.4290780142,6,"[2.866, 4.329, 1.0]"
BB3:GBL-ZN+0.5E6,1,0.75,  2.85,6507.0,424.0,30.6933962264,6,"[2.866, 4.329, 1.0]"
BB3:GBL-ZN+0.5E6,1.5,0.75,  3.05,5364.0,360.0,29.8,6,"[2.866, 4.329, 1.0]"
BB3:GBL-ZN+0.5E6,1.5,1.125,  2.11,4285.0,266.0,32.2180451128,6,"[2.866, 4.329, 1.0]"
BB3:GBL-ZN+0.5E6,2,1.0,  2.68,3706.0,226.0,32.796460177,6,"[2.866, 4.329, 1.0]"
BB3:GBL-ZN+0.5E6,2,1.5,  2.38,3996.0,190.0,42.0631578947,6,"[2.866, 4.329, 1.0]"
BB3:GBL-ZN+0.75E6,1,0.5,  4.05,9302.0,614.0,30.2996742671,6,"[1.911, 2.886, 1.0]"
BB3:GBL-ZN+0.75E6,1,0.75,  3.06,7523.0,450.0,33.4355555556,6,"[1.911, 2.886, 1.0]"
BB3:GBL-ZN+0.75E6,1.5,0.75,  2.47,4717.0,342.0,27.5847953216,6,"[1.911, 2.886, 1.0]"
BB3:GBL-ZN+0.75E6,1.5,1.125,  2.14,4552.0,268.0,33.9701492537,6,"[1.911, 2.886, 1.0]"
BB3:GBL-ZN+0.75E6,2,1.0,  2.16,3248.0,208.0,31.2307692308,6,"[1.911, 2.886, 1.0]"
BB3:GBL-ZN+0.75E6,2,1.5,  2.00,3654.0,178.0,41.0561797753,6,"[1.911, 2.886, 1.0]"
BB3:GBL-ZN+0.75E6,2.5,1.25,  2.13,2319.0,118.0,39.3050847458,6,"[1.911, 2.886, 1.0]"
BB3:GBL-ZN+0.75E6,3,1.5,  2.24,1659.0,64.0,51.84375,6,"[1.911, 2.886, 1.0]"
BB3:GBL-ZN+E6,1,0.5,  3.04,7857.0,572.0,27.472027972,6,"[1.433, 2.165, 1.0]"
BB3:GBL-ZN+E6,1,0.75,  2.37,6470.0,406.0,31.8719211823,6,"[1.433, 2.165, 1.0]"
BB3:GBL-ZN+E6,1.5,0.75,  2.26,4845.0,336.0,28.8392857143,6,"[1.433, 2.165, 1.0]"
BB3:GBL-ZN+E6,1.5,1.125,  2.35,5562.0,272.0,40.8970588235,6,"[1.433, 2.165, 1.0]"
BB3:GBL-ZN+E6,2,1.0,  2.40,4040.0,224.0,36.0714285714,6,"[1.433, 2.165, 1.0]"
BB3:GBL-ZN+E6,2,1.5,  2.20,4433.0,186.0,47.6666666667,6,"[1.433, 2.165, 1.0]"
BB3:GBL-ZN+E6,3,1.5,  2.70,2239.0,68.0,65.8529411765,6,"[1.433, 2.165, 1.0]"
BB3:GBL-ZN-GBX+ZB,1,0.5,  2.87,6107.0,605.0,20.1884297521,6,"[2.702, 4.082, 1.0, 1.767]"
BB3:GBL-ZN-GBX+ZB,1.5,0.75,  3.17,5481.0,416.0,26.3509615385,6,"[2.702, 4.082, 1.0, 1.767]"
BB3:GBM-ZF+0.5E6,1,0.5,  2.34,6044.0,383.0,31.5613577023,16,"[7.19, 6.991, 1.0]"
BB3:GBM-ZF+0.5E6,1.5,0.75,  2.10,4464.0,269.0,33.1895910781,16,"[7.19, 6.991, 1.0]"
BB3:GBM-ZN+0.5E6,1.5,0.75,  2.04,4366.0,261.0,33.4559386973,16,"[7.19, 4.329, 1.0]"
BB3:GBS-GBL-0.3ESX,1.5,0.75,  2.16,5067.0,233.0,43.4935622318,23,"[38.243, 3.421, 1.0]"
BB3:GBS-GBL-0.3ESX,2,1.0,  2.56,4509.0,163.0,55.3251533742,23,"[38.243, 3.421, 1.0]"
BB3:GBS-GBL-0.3ESX,2,1.5,  2.02,4643.0,127.0,73.1181102362,23,"[38.243, 3.421, 1.0]"
BB3:GBS-GBL-0.4ESX,1.5,0.75,  2.26,5319.0,243.0,43.7777777778,23,"[28.682, 2.566, 1.0]"
BB3:GBS-GBL-0.4ESX,2,1.0,  2.49,4513.0,161.0,56.0621118012,23,"[28.682, 2.566, 1.0]"
BB3:GBS-GBL-0.5ESX,1.5,0.75,  2.02,4938.0,235.0,42.0255319149,23,"[22.946, 2.053, 1.0]"
BB3:GBS-GBL-0.5ESX,2,1.0,  2.42,4537.0,161.0,56.3602484472,23,"[22.946, 2.053, 1.0]"
BB3:GBS-GBL-0.5ESX,2.5,1.25,  2.02,2561.0,87.0,58.8735632184,23,"[22.946, 2.053, 1.0]"
BB3:GBS-GBL-0.7ESX,2.5,1.25,  2.06,2753.0,88.0,62.5681818182,23,"[16.39, 1.466, 1.0]"
BB3:GBS-ZT+E6,1,0.5,  2.02,8583.0,407.0,42.1769041769,23,"[16.017, 4.545, 1.0]"
BB3:GBS-ZT+E6,2.5,1.25,  2.82,5529.0,115.0,96.1565217391,23,"[16.017, 4.545, 1.0]"
BB3:GBS-ZT+E6,3,1.5,  2.48,3038.0,52.0,116.846153846,23,"[16.017, 4.545, 1.0]"
BB3:GBX+E6,2,1.5,  2.46,4888.0,166.0,58.8915662651,11,"[1.0, 1.886]"
BB3:GBX+E6,2,2,  2.30,7384.0,83.0,177.927710843,11,"[1.0, 1.886]"
BB3:GBX+E6,2.5,1.875,  2.01,3151.0,100.0,63.02,11,"[1.0, 1.886]"
BB3:GBX+E6,2.5,2.5,  2.47,7921.0,55.0,288.036363636,11,"[1.0, 1.886]"
BB3:GBX+E6,3,3,  2.23,7140.0,35.0,408.0,11,"[1.0, 1.886]"
BB3:GBX-R,3,1.5,  2.02,1066.0,48.0,44.4166666667,11,"[1.0, 1.931]"
BB3:GBX-TN+0.3E6,1,0.5,  2.12,4036.0,394.0,20.4873096447,11,"[1.768, 5.26, 1.0]"
BB3:GBX-TN+0.3E6,1.5,0.75,  2.36,3685.0,284.0,25.9507042254,11,"[1.768, 5.26, 1.0]"
BB3:GBX-TN+0.3E6,2,1.0,  2.74,3369.0,190.0,35.4631578947,11,"[1.768, 5.26, 1.0]"
BB3:GBX-TN+E6,1,0.5,  2.83,6930.0,461.0,30.0650759219,11,"[1.0, 2.976, 1.886]"
BB3:GBX-TN+E6,1,0.75,  2.71,7017.0,363.0,38.6611570248,11,"[1.0, 2.976, 1.886]"
BB3:GBX-TN+E6,1.5,0.75,  2.95,6037.0,316.0,38.2088607595,11,"[1.0, 2.976, 1.886]"
BB3:GBX-TN+E6,1.5,1.125,  2.68,6095.0,246.0,49.5528455285,11,"[1.0, 2.976, 1.886]"
BB3:GBX-TN+E6,2,1.0,  2.93,4823.0,210.0,45.9333333333,11,"[1.0, 2.976, 1.886]"
BB3:GBX-TN+E6,2,1.5,  2.41,4775.0,174.0,54.8850574713,11,"[1.0, 2.976, 1.886]"
BB3:GBX-TN+E6,2.5,1.25,  2.76,3107.0,108.0,57.537037037,11,"[1.0, 2.976, 1.886]"
BB3:GBX-TN+E6,3,1.5,  3.92,2852.0,60.0,95.0666666667,11,"[1.0, 2.976, 1.886]"
BB3:GBX-TN+E6,3,2.25,  2.71,2934.0,58.0,101.172413793,11,"[1.0, 2.976, 1.886]"
BB3:GBX-TN+E6,3.5,1.75,  3.04,1391.0,26.0,107.0,11,"[1.0, 2.976, 1.886]"
BB3:GBX-UB,3.5,2.625,  2.20,1259.0,28.0,89.9285714286,11,"[1.0, 1.245]"
BB3:GBX-ZB+0.3E6,1,0.5,  2.66,5277.0,426.0,24.7746478873,11,"[1.768, 3.124, 1.0]"
BB3:GBX-ZB+0.3E6,1.5,0.75,  2.37,3789.0,284.0,26.6830985915,11,"[1.768, 3.124, 1.0]"
BB3:GBX-ZB+0.3E6,1.5,1.125,  2.00,3648.0,226.0,32.2831858407,11,"[1.768, 3.124, 1.0]"
BB3:GBX-ZB+0.5E6,1,0.5,  2.39,4962.0,414.0,23.9710144928,11,"[1.061, 1.874, 1.0]"
BB3:GBX-ZB+0.5E6,1,0.75,  2.04,4547.0,306.0,29.7189542484,11,"[1.061, 1.874, 1.0]"
BB3:GBX-ZB+0.5E6,1.5,0.75,  2.24,3822.0,272.0,28.1029411765,11,"[1.061, 1.874, 1.0]"
BB3:GBX-ZB+0.5E6,1.5,1.125,  2.43,4643.0,236.0,39.3474576271,11,"[1.061, 1.874, 1.0]"
BB3:GBX-ZB+0.5E6,2,1.0,  3.06,3975.0,190.0,41.8421052632,11,"[1.061, 1.874, 1.0]"
BB3:GBX-ZB+0.5E6,2,1.5,  2.49,4035.0,166.0,48.6144578313,11,"[1.061, 1.874, 1.0]"
BB3:GBX-ZB+0.5E6,2.5,1.25,  2.30,1994.0,92.0,43.347826087,11,"[1.061, 1.874, 1.0]"
BB3:GBX-ZB+0.75E6,1,0.5,  3.00,6739.0,458.0,29.4279475983,11,"[1.0, 1.767, 1.414]"
BB3:GBX-ZB+0.75E6,1,0.75,  2.65,6312.0,352.0,35.8636363636,11,"[1.0, 1.767, 1.414]"
BB3:GBX-ZB+0.75E6,1,1,  2.38,6918.0,185.0,74.7891891892,11,"[1.0, 1.767, 1.414]"
BB3:GBX-ZB+0.75E6,1.5,0.75,  3.13,5916.0,312.0,37.9230769231,11,"[1.0, 1.767, 1.414]"
BB3:GBX-ZB+0.75E6,1.5,1.125,  2.60,5513.0,250.0,44.104,11,"[1.0, 1.767, 1.414]"
BB3:GBX-ZB+0.75E6,2,1.0,  3.04,4325.0,198.0,43.6868686869,11,"[1.0, 1.767, 1.414]"
BB3:GBX-ZB+0.75E6,2,1.5,  2.35,4113.0,164.0,50.1585365854,11,"[1.0, 1.767, 1.414]"
BB3:GBX-ZB+0.75E6,2.5,1.25,  2.84,2837.0,110.0,51.5818181818,11,"[1.0, 1.767, 1.414]"
BB3:GBX-ZB+0.75E6,2.5,1.875,  2.01,2672.0,96.0,55.6666666667,11,"[1.0, 1.767, 1.414]"
BB3:GBX-ZB+0.75E6,3,1.5,  2.07,1439.0,54.0,53.2962962963,11,"[1.0, 1.767, 1.414]"
BB3:GBX-ZB+0.75E6,3.5,1.75,  2.03,751.0,20.0,75.1,11,"[1.0, 1.767, 1.414]"
BB3:GBX-ZB+E6,1,0.5,  3.24,8210.0,488.0,33.6475409836,11,"[1.0, 1.767, 1.886]"
BB3:GBX-ZB+E6,1,0.75,  2.89,7752.0,378.0,41.0158730159,11,"[1.0, 1.767, 1.886]"
BB3:GBX-ZB+E6,1,1,  2.64,8581.0,193.0,88.9222797927,11,"[1.0, 1.767, 1.886]"
BB3:GBX-ZB+E6,1.5,0.75,  2.91,6067.0,316.0,38.3987341772,11,"[1.0, 1.767, 1.886]"
BB3:GBX-ZB+E6,1.5,1.125,  2.25,5262.0,238.0,44.218487395,11,"[1.0, 1.767, 1.886]"
BB3:GBX-ZB+E6,2,1.0,  2.88,4654.0,204.0,45.6274509804,11,"[1.0, 1.767, 1.886]"
BB3:GBX-ZB+E6,2,1.5,  2.27,4463.0,166.0,53.7710843373,11,"[1.0, 1.767, 1.886]"
BB3:GBX-ZB+E6,2.5,1.25,  2.62,3055.0,116.0,52.6724137931,11,"[1.0, 1.767, 1.886]"
BB3:GBX-ZB+E6,3,1.5,  2.02,1693.0,62.0,54.6129032258,11,"[1.0, 1.767, 1.886]"
BB3:GBX-ZB+E6,3,2.25,  2.11,2372.0,60.0,79.0666666667,11,"[1.0, 1.767, 1.886]"
BB3:GBX-ZN+0.3E6,1,0.5,  2.23,4627.0,407.0,22.7371007371,11,"[1.768, 7.215, 1.0]"
BB3:GBX-ZN+0.3E6,1.5,0.75,  2.70,4685.0,302.0,31.0264900662,11,"[1.768, 7.215, 1.0]"
BB3:GBX-ZN+0.3E6,1.5,1.125,  2.09,4114.0,242.0,34.0,11,"[1.768, 7.215, 1.0]"
BB3:GBX-ZN+0.3E6,2.5,1.25,  2.31,2220.0,114.0,38.9473684211,11,"[1.768, 7.215, 1.0]"
BB3:GBX-ZN+E6,1,0.5,  2.52,6522.0,447.0,29.1812080537,11,"[1.0, 4.082, 1.886]"
BB3:GBX-ZN+E6,1,0.75,  2.21,6109.0,355.0,34.4169014085,11,"[1.0, 4.082, 1.886]"
BB3:GBX-ZN+E6,1.5,0.75,  2.67,5892.0,322.0,36.5962732919,11,"[1.0, 4.082, 1.886]"
BB3:GBX-ZN+E6,1.5,1.125,  2.42,5860.0,260.0,45.0769230769,11,"[1.0, 4.082, 1.886]"
BB3:GBX-ZN+E6,2,1.0,  2.25,3841.0,200.0,38.41,11,"[1.0, 4.082, 1.886]"
BB3:GBX-ZN+E6,2.5,1.25,  3.16,3766.0,124.0,60.7419354839,11,"[1.0, 4.082, 1.886]"
BB3:GBX-ZN+E6,3,1.5,  3.25,2499.0,58.0,86.1724137931,11,"[1.0, 4.082, 1.886]"
BB3:GBX-ZN+E6,3.5,1.75,  2.23,987.0,18.0,109.666666667,11,"[1.0, 4.082, 1.886]"
BB3:GC-E6,2,1.5,  2.26,3860.0,188.0,41.0638297872,5,"[1.004, 1.0]"
BB3:GC-E6,2.5,1.875,  2.21,2965.0,120.0,49.4166666667,5,"[1.004, 1.0]"
BB3:GC-ZB,2,1.0,  2.13,4416.0,236.0,37.4237288136,5,"[1.072, 1.0]"
BB3:HG-E6,4,2.0,  2.02,855.0,20.0,85.5,8,"[1.0, 1.331]"
BB3:HG-ESX,3,1.5,  2.34,1740.0,48.0,72.5,10,"[1.0, 1.859]"
BB3:HG-ESX,3.5,1.75,  2.21,854.0,18.0,94.8888888889,10,"[1.0, 1.859]"
BB3:HG-GC,2,1.0,  2.83,4852.0,255.0,38.0549019608,8,"[1.0, 1.337]"
BB3:HG-GC,2,1.5,  2.19,4456.0,207.0,43.0531400966,8,"[1.0, 1.337]"
BB3:HG-GC,2.5,1.25,  2.35,3099.0,146.0,42.4520547945,8,"[1.0, 1.337]"
BB3:HG-GC,3,1.5,  2.43,2427.0,96.0,50.5625,8,"[1.0, 1.337]"
BB3:HG-R6,1.5,0.75,  2.27,6837.0,355.0,38.5183098592,10,"[1.0, 3.014]"
BB3:HG-R6,2.5,1.875,  2.07,5172.0,124.0,83.4193548387,10,"[1.0, 3.014]"
BB3:HG-R6,3.5,1.75,  2.47,3776.0,46.0,164.173913043,10,"[1.0, 3.014]"
BB3:HG-SI,1.5,1.125,  2.06,4236.0,261.0,32.4597701149,8,"[1.0, 1.13]"
BB3:HG-X,2.5,1.25,  2.08,2721.0,119.0,45.731092437,8,"[1.172, 1.0]"
BB3:HG-X,2.5,1.875,  2.06,3365.0,109.0,61.7431192661,8,"[1.172, 1.0]"
BB3:HG-X,3,1.5,  2.32,2058.0,66.0,62.3636363636,8,"[1.172, 1.0]"
BB3:HG-X,3.5,1.75,  2.51,1218.0,28.0,87.0,8,"[1.172, 1.0]"
BB3:HO-GC,3.5,3.5,  2.03,7202.0,25.0,576.16,6,"[1.0, 2.778]"
BB3:M6-E6,3,2.25,  2.03,2464.0,78.0,63.1794871795,11,"[2.933, 1.0]"
BB3:M6-E6,3,3,  2.06,5936.0,49.0,242.285714286,11,"[2.933, 1.0]"
BB3:M6-E6,3.5,1.75,  2.13,1352.0,42.0,64.380952381,11,"[2.933, 1.0]"
BB3:M6-S6,4,3.0,  2.05,1101.0,18.0,122.333333333,11,"[2.221, 1.0]"
BB3:MME+ICEDX,1,1,  2.17,15208.0,181.0,168.044198895,6,"[1.0, 2.005]"
BB3:MME+ICEDX,1.5,1.5,  2.48,17415.0,141.0,247.021276596,6,"[1.0, 2.005]"
BB3:MME+ICEDX,2,2,  2.37,16624.0,93.0,357.505376344,6,"[1.0, 2.005]"
BB3:MME-ESX,1,0.5,  2.90,4860.0,425.0,22.8705882353,6,"[1.0, 1.697]"
BB3:MME-ESX,1,0.75,  2.73,4844.0,339.0,28.5781710914,6,"[1.0, 1.697]"
BB3:MME-ESX,1,1,  2.04,4473.0,161.0,55.5652173913,6,"[1.0, 1.697]"
BB3:MME-ESX,1.5,0.75,  2.52,3575.0,273.0,26.1904761905,6,"[1.0, 1.697]"
BB3:MME-ESX,1.5,1.125,  2.34,3700.0,215.0,34.4186046512,6,"[1.0, 1.697]"
BB3:MX-C6,1.5,1.125,  2.11,4966.0,243.0,40.8724279835,6,"[1.0, 2.032]"
BB3:MX-DF,1,0.5,  2.89,3963.0,429.0,18.4755244755,6,"[5.841, 1.0]"
BB3:MX-DF,1,0.75,  2.98,4333.0,323.0,26.8297213622,6,"[5.841, 1.0]"
BB3:MX-DF,1,1,  2.13,3644.0,177.0,41.1751412429,6,"[5.841, 1.0]"
BB3:MX-DF,1.5,0.75,  2.76,3286.0,305.0,21.5475409836,6,"[5.841, 1.0]"
BB3:MX-DF,1.5,1.125,  2.77,3585.0,255.0,28.1176470588,6,"[5.841, 1.0]"
BB3:MX-DF,1.5,1.5,  2.28,3910.0,121.0,64.6280991736,6,"[5.841, 1.0]"
BB3:MX-DF,2,1.0,  2.09,2043.0,179.0,22.8268156425,6,"[5.841, 1.0]"
BB3:MX-DF,2.5,1.25,  2.10,1737.0,120.0,28.95,6,"[5.841, 1.0]"
BB3:MX-DF,2.5,1.875,  2.61,2460.0,114.0,43.1578947368,6,"[5.841, 1.0]"
BB3:MX-DF,3,1.5,  2.16,1605.0,80.0,40.125,6,"[5.841, 1.0]"
BB3:MX-DF,3,2.25,  2.50,2124.0,80.0,53.1,6,"[5.841, 1.0]"
BB3:MX-DF,3,3,  2.40,4108.0,45.0,182.577777778,6,"[5.841, 1.0]"
BB3:MX-ESX,1.5,0.75,  2.07,2111.0,269.0,15.6951672862,6,"[1.0, 1.6]"
BB3:NKD-E6,3,3,  2.08,7427.0,37.0,401.459459459,6,"[1.0, 2.64]"
BB3:NKD-E6,3.5,3.5,  2.37,8436.0,25.0,674.88,6,"[1.0, 2.64]"
BB3:NKD-ESX-0.3E6+0.3J6,2,1.5,  2.27,3637.0,186.0,39.1075268817,6,"[1.263, 4.654, 1.0, 1.558]"
BB3:NKD-ESX,1,0.5,  2.09,3923.0,378.0,20.7566137566,6,"[1.0, 3.686]"
BB3:NKD-ESX,2,1.0,  2.37,2865.0,214.0,26.7757009346,6,"[1.0, 3.686]"
BB3:NKD-ESX,3,2.25,  2.04,1849.0,78.0,47.4102564103,6,"[1.0, 3.686]"
BB3:NKD-ESX,4,2.0,  2.03,820.0,28.0,58.5714285714,6,"[1.0, 3.686]"
BB3:NKD-MX,1.5,0.75,  2.18,3017.0,272.0,22.1838235294,6,"[1.0, 2.303]"
BB3:NKD-MX,2,1.0,  2.53,2734.0,190.0,28.7789473684,6,"[1.0, 2.303]"
BB3:NKD-MX,2.5,1.25,  2.76,2091.0,114.0,36.6842105263,6,"[1.0, 2.303]"
BB3:NKD-MX,2.5,1.875,  2.26,2300.0,100.0,46.0,6,"[1.0, 2.303]"
BB3:NKD-MX,3,2.25,  2.36,1734.0,60.0,57.8,6,"[1.0, 2.303]"
BB3:NKD-MX,3.5,2.625,  2.10,1179.0,42.0,56.1428571429,6,"[1.0, 2.303]"
BB3:NKD-SXF-0.3C6+0.3J6,1,0.5,  2.37,4747.0,370.0,25.6594594595,6,"[1.0, 1.194, 1.404, 1.234]"
BB3:NKD-SXF-0.3C6+0.3J6,1,0.75,  2.55,5356.0,317.0,33.7917981073,6,"[1.0, 1.194, 1.404, 1.234]"
BB3:NKD-SXF-0.3C6+0.3J6,1.5,0.75,  2.20,3561.0,276.0,25.8043478261,6,"[1.0, 1.194, 1.404, 1.234]"
BB3:NKD-SXF-0.3C6+0.3J6,1.5,1.125,  2.46,4472.0,225.0,39.7511111111,6,"[1.0, 1.194, 1.404, 1.234]"
BB3:NKD-X-0.3B6+0.3J6,1.5,0.75,  2.24,3552.0,345.0,20.5913043478,6,"[1.072, 1.814, 1.0, 1.324]"
BB3:NKD-X-0.3B6+0.3J6,2,1.0,  2.33,2848.0,220.0,25.8909090909,6,"[1.072, 1.814, 1.0, 1.324]"
BB3:NKD-X-0.3B6+0.3J6,2.5,1.25,  2.01,1770.0,128.0,27.65625,6,"[1.072, 1.814, 1.0, 1.324]"
BB3:NKD-X-0.5B6+0.5J6,1,0.75,  2.33,4940.0,415.0,23.8072289157,6,"[1.0, 1.691, 1.554, 2.057]"
BB3:NKD-X-0.5B6+0.5J6,1.5,0.75,  2.32,3885.0,340.0,22.8529411765,6,"[1.0, 1.691, 1.554, 2.057]"
BB3:NKD-X-0.5B6+0.5J6,2,1.0,  2.37,3032.0,218.0,27.8165137615,6,"[1.0, 1.691, 1.554, 2.057]"
BB3:NKD-X,4,2.0,  2.40,596.0,12.0,99.3333333333,6,"[1.0, 1.691]"
BB3:OAT-0.7GBL-0.3BTP,4,2.0,  2.54,459.0,16.0,57.375,11,"[8.893, 5.29, 1.0]"
BB3:OAT-GBL-0.5DF+0.5MX,1,0.5,  2.22,3196.0,335.0,19.0805970149,11,"[22.58, 19.188, 1.0, 5.841]"
BB3:OAT-GBL-0.5DF+0.5MX,1.5,0.75,  2.13,2501.0,244.0,20.5,11,"[22.58, 19.188, 1.0, 5.841]"
BB3:OAT-GBL-0.5DF+0.5MX,2,1.5,  2.20,2474.0,148.0,33.4324324324,11,"[22.58, 19.188, 1.0, 5.841]"
BB3:OAT-GBL-0.5DF+0.5MX,2.5,1.25,  2.30,1476.0,94.0,31.4042553191,11,"[22.58, 19.188, 1.0, 5.841]"
BB3:OAT-GBL-0.5DF+0.5MX,2.5,1.875,  2.33,1920.0,86.0,44.6511627907,11,"[22.58, 19.188, 1.0, 5.841]"
BB3:OAT-GBL-0.5DF+0.5MX,3,2.25,  2.31,1387.0,46.0,60.3043478261,11,"[22.58, 19.188, 1.0, 5.841]"
BB3:OAT-GBL-0.5DF+0.5MX,3.5,1.75,  2.50,844.0,26.0,64.9230769231,11,"[22.58, 19.188, 1.0, 5.841]"
BB3:OAT-GBL-0.5DF+0.5MX,3.5,2.625,  2.63,1175.0,26.0,90.3846153846,11,"[22.58, 19.188, 1.0, 5.841]"
BB3:OAT-GBL-0.5DF+0.5MX,4,3.0,  2.93,451.0,8.0,112.75,11,"[22.58, 19.188, 1.0, 5.841]"
BB3:OAT-GBL,2.5,1.25,  2.44,1519.0,100.0,30.38,11,"[1.177, 1.0]"
BB3:OAT-GBL,3,1.5,  2.14,914.0,50.0,36.56,11,"[1.177, 1.0]"
BB3:OAT-R-0.3B6+0.3E6,3,1.5,  2.13,1032.0,48.0,43.0,15,"[5.62, 3.413, 1.177, 1.0]"
BB3:OAT-R-0.5B6+0.5E6,1,0.5,  2.12,3620.0,299.0,24.2140468227,15,"[3.372, 2.048, 1.177, 1.0]"
BB3:OAT-R-0.5B6+0.5E6,1.5,0.75,  2.51,3502.0,235.0,29.8042553191,15,"[3.372, 2.048, 1.177, 1.0]"
BB3:OAT-R-0.5B6+0.5E6,1.5,1.125,  2.04,3350.0,171.0,39.1812865497,15,"[3.372, 2.048, 1.177, 1.0]"
BB3:OAT-R-0.5B6+0.5E6,2,1.0,  2.23,2349.0,152.0,30.9078947368,15,"[3.372, 2.048, 1.177, 1.0]"
BB3:OAT-R-0.5B6+0.5E6,2,1.5,  2.08,2719.0,131.0,41.5114503817,15,"[3.372, 2.048, 1.177, 1.0]"
BB3:OAT-R-0.5B6+0.5E6,3.5,2.625,  2.04,1060.0,26.0,81.5384615385,15,"[3.372, 2.048, 1.177, 1.0]"
BB3:OAT-R-0.5X+0.5MX,2.5,2.5,  2.33,5587.0,51.0,219.098039216,15,"[5.264, 3.196, 1.0, 1.361]"
BB3:OAT-ZN+0.5E6,2,1.0,  2.25,3198.0,180.0,35.5333333333,15,"[3.372, 4.329, 1.0]"
BB3:OIL+ICEDX,3.5,3.5,  2.12,7322.0,29.0,504.965517241,6,"[1.0, 4.33]"
BB3:PA-HG,2,2,  2.90,9978.0,113.0,176.601769912,6,"[1.0, 2.239]"
BB3:PA-HG,2.5,2.5,  2.12,7232.0,73.0,198.136986301,6,"[1.0, 2.239]"
BB3:PA-PL,4,4,  2.32,7163.0,19.0,754.0,6,"[1.0, 3.794]"
BB3:PA-Z6,1,0.5,  2.40,8501.0,606.0,28.0561056106,6,"[1.0, 4.155]"
BB3:PA-Z6,1.5,0.75,  2.33,7190.0,418.0,34.4019138756,6,"[1.0, 4.155]"
BB3:PA-Z6,2,1.0,  2.29,5899.0,278.0,42.4388489209,6,"[1.0, 4.155]"
BB3:PA-Z6,4,2.0,  2.08,2783.0,48.0,115.958333333,6,"[1.0, 4.155]"
BB3:PL-B6,3,2.25,  2.08,2621.0,70.0,74.8857142857,6,"[1.081, 1.0]"
BB3:PL-B6,3.5,1.75,  2.10,1485.0,40.0,74.25,6,"[1.081, 1.0]"
BB3:PL-B6,3.5,2.625,  2.19,1975.0,40.0,98.75,6,"[1.081, 1.0]"
BB3:PL-E6,3,1.5,  2.02,1900.0,92.0,41.3043478261,6,"[1.273, 1.0]"
BB3:PL-HG,2,1.0,  2.40,3918.0,241.0,32.5145228216,6,"[1.695, 1.0]"
BB3:PL-Z6,1,0.5,  2.51,8093.0,582.0,27.8109965636,6,"[1.0, 1.095]"
BB3:PL-Z6,1,0.75,  2.06,6944.0,420.0,33.0666666667,6,"[1.0, 1.095]"
BB3:PL-Z6,2,1.0,  2.47,5971.0,264.0,45.2348484848,6,"[1.0, 1.095]"
BB3:PL-Z6,2.5,1.25,  2.09,4055.0,142.0,57.1126760563,6,"[1.0, 1.095]"
BB3:R+0.5B6,1,0.5,  3.21,6306.0,473.0,26.6638477801,6,"[1.739, 1.0]"
BB3:R+0.5B6,1,0.75,  2.62,5487.0,363.0,30.2314049587,6,"[1.739, 1.0]"
BB3:R+0.5B6,1.5,0.75,  2.89,4824.0,314.0,30.7261146497,6,"[1.739, 1.0]"
BB3:R+0.5B6,1.5,1.125,  2.72,5019.0,255.0,39.3647058824,6,"[1.739, 1.0]"
BB3:R+0.5B6,2,1.0,  2.51,3259.0,204.0,31.9509803922,6,"[1.739, 1.0]"
BB3:R+0.5B6,2,1.5,  2.76,4271.0,176.0,48.5340909091,6,"[1.739, 1.0]"
BB3:R+B6,1,0.5,  3.12,7205.0,456.0,31.600877193,6,"[1.0, 1.15]"
BB3:R+B6,1,0.75,  2.52,6210.0,333.0,37.2972972973,6,"[1.0, 1.15]"
BB3:R+B6,1.5,0.75,  3.09,5920.0,330.0,35.8787878788,6,"[1.0, 1.15]"
BB3:R+B6,1.5,1.125,  2.72,5833.0,240.0,48.6083333333,6,"[1.0, 1.15]"
BB3:R+B6,2,1.0,  2.52,3792.0,202.0,37.5445544554,6,"[1.0, 1.15]"
BB3:R+B6,2,1.5,  2.27,4061.0,160.0,50.7625,6,"[1.0, 1.15]"
BB3:R+B6,3,1.5,  3.52,2456.0,60.0,81.8666666667,6,"[1.0, 1.15]"
BB3:R+B6,3,2.25,  3.78,3645.0,60.0,121.5,6,"[1.0, 1.15]"
BB3:R+B6,3.5,1.75,  2.45,1325.0,30.0,88.3333333333,6,"[1.0, 1.15]"
BB3:R+B6,3.5,2.625,  2.66,1920.0,30.0,128.0,6,"[1.0, 1.15]"
BB3:R+B6,4,3.0,  2.10,1046.0,16.0,130.75,6,"[1.0, 1.15]"
BB3:R+X+B6,3.5,2.625,  2.03,1534.0,30.0,102.266666667,6,"[1.598, 1.0, 1.838]"
BB3:R+X-TS-YAP+B6-A6,1,0.5,  3.06,11037.0,429.0,51.4545454545,6,"[1.765, 1.104, 4.317, 1.0, 2.03, 2.687]"
BB3:R+X-TS-YAP+B6-A6,1,0.75,  2.29,8689.0,309.0,56.2394822006,6,"[1.765, 1.104, 4.317, 1.0, 2.03, 2.687]"
BB3:R+X-TS-YAP+B6-A6,1.5,0.75,  2.30,6651.0,255.0,52.1647058824,6,"[1.765, 1.104, 4.317, 1.0, 2.03, 2.687]"
BB3:R-CGB,2.5,1.25,  2.19,2098.0,121.0,34.6776859504,6,"[1.0, 1.808]"
BB3:R-E6,3.5,1.75,  2.06,1668.0,48.0,69.5,6,"[1.024, 1.0]"
BB3:R-J6+0.5X-0.5NKD,3.5,3.5,  2.36,7336.0,21.0,698.666666667,6,"[5.406, 8.229, 1.691, 1.0]"
BB3:R-US7Y+0.3B6,1,0.5,  2.34,4809.0,365.0,26.3506849315,11,"[3.877, 1.0, 1.338]"
BB3:R-ZF,2,1.0,  2.27,2848.0,159.0,35.8238993711,13,"[1.0, 3.414]"
BB3:R-ZF,2,2,  2.97,7666.0,85.0,180.376470588,13,"[1.0, 3.414]"
BB3:R-ZN+0.3B6-0.3ES,2.5,1.875,  2.01,2472.0,98.0,50.4489795918,11,"[10.373, 21.93, 3.579, 1.0]"
BB3:R-ZN+0.75B6,2,1.0,  2.10,3229.0,189.0,34.1693121693,11,"[1.159, 2.451, 1.0]"
BB3:R-ZN,2,1.0,  2.53,3233.0,165.0,39.1878787879,11,"[1.0, 2.114]"
BB3:R-ZN,2.5,1.25,  2.24,1918.0,92.0,41.6956521739,11,"[1.0, 2.114]"
BB3:R-ZN,2.5,2.5,  2.04,5346.0,51.0,209.647058824,11,"[1.0, 2.114]"
BB3:R-ZN,3.5,2.625,  2.13,1288.0,28.0,92.0,11,"[1.0, 2.114]"
BB3:R6-Z6,1,0.5,  2.13,8413.0,413.0,40.7409200969,15,"[1.624, 1.0]"
BB3:R6-Z6,1.5,0.75,  2.17,7594.0,297.0,51.138047138,15,"[1.624, 1.0]"
BB3:R6-Z6,2,1.0,  2.33,6992.0,207.0,67.5555555556,15,"[1.624, 1.0]"
BB3:R6-Z6,2,1.5,  2.22,7482.0,187.0,80.0213903743,15,"[1.624, 1.0]"
BB3:R6-Z6,3,2.25,  2.10,5505.0,84.0,131.071428571,15,"[1.624, 1.0]"
BB3:R6-Z6,4,2.0,  2.13,3835.0,38.0,201.842105263,15,"[1.624, 1.0]"
BB3:RB-HG,4,4,  2.10,7132.0,17.0,839.058823529,6,"[1.0, 2.09]"
BB3:RB-M6,4,4,  2.20,7525.0,19.0,792.105263158,6,"[1.0, 8.163]"
BB3:RB-ZW,2,1.0,  2.85,5579.0,216.0,51.6574074074,6,"[1.0, 5.41]"
BB3:S6-C6,3,3,  2.02,6207.0,39.0,318.307692308,6,"[1.0, 1.343]"
BB3:SI-C6,4,2.0,  2.60,1159.0,26.0,89.1538461538,8,"[1.0, 2.089]"
BB3:SXF+0.5C6+0.5M6,4,3.0,  2.37,1355.0,16.0,169.375,11,"[1.0, 1.959, 3.242]"
BB3:SXF+0.5C6,1.5,1.125,  2.01,5082.0,213.0,47.7183098592,11,"[1.0, 1.959]"
BB3:SXF+0.5C6,2.5,1.875,  2.20,3496.0,91.0,76.8351648352,11,"[1.0, 1.959]"
BB3:SXF+C6,2.5,1.25,  2.04,3358.0,120.0,55.9666666667,11,"[1.0, 3.919]"
BB3:SXF+C6,2.5,1.875,  2.62,5483.0,111.0,98.7927927928,11,"[1.0, 3.919]"
BB3:SXF+C6,4,2.0,  2.19,843.0,12.0,140.5,11,"[1.0, 3.919]"
BB3:SXF-0.5CL-0.5C6,4,4,  2.43,5908.0,5.0,2363.2,11,"[2.111, 1.0, 4.136]"
BB3:SXF-DF-0.5E6+0.5C6,3.5,3.5,  2.05,5332.0,23.0,463.652173913,11,"[3.029, 1.0, 3.348, 5.935]"
BB3:SXF-DF,2.5,1.875,  2.49,3008.0,100.0,60.16,11,"[3.029, 1.0]"
BB3:SXF-DF,3,2.25,  2.62,2239.0,54.0,82.9259259259,11,"[3.029, 1.0]"
BB3:SXF-ES+0.5C6,1,0.5,  2.38,4767.0,438.0,21.7671232877,5,"[1.375, 1.0, 2.694]"
BB3:SXF-ES+0.5C6,1,0.75,  2.33,4936.0,344.0,28.6976744186,5,"[1.375, 1.0, 2.694]"
BB3:SXF-ES+0.5C6,1,1,  2.41,6173.0,179.0,68.9720670391,5,"[1.375, 1.0, 2.694]"
BB3:SXF-NKD-0.3J6+0.3C6,1,0.5,  2.13,4256.0,322.0,26.4347826087,11,"[1.194, 1.0, 1.234, 1.404]"
BB3:SXF-NKD-0.3J6+0.3C6,1,0.75,  2.18,4625.0,265.0,34.9056603774,11,"[1.194, 1.0, 1.234, 1.404]"
BB3:SXF-NKD-0.3J6+0.3C6,1.5,1.125,  2.35,4262.0,201.0,42.407960199,11,"[1.194, 1.0, 1.234, 1.404]"
BB3:SXF-NKD,1.5,1.5,  2.12,5391.0,107.0,100.76635514,11,"[1.194, 1.0]"
BB3:SXF-NQ,2.5,2.5,  2.49,6222.0,43.0,289.395348837,11,"[1.727, 1.0]"
BB3:SXF-RB,3.5,1.75,  2.31,1255.0,32.0,78.4375,11,"[1.259, 1.0]"
BB3:SXF-X-0.3B6+0.3C6,3,3,  2.03,4862.0,35.0,277.828571429,11,"[1.281, 1.814, 1.0, 1.506]"
BB3:SXF-X-0.5B6+0.5C6,1,0.5,  2.18,4324.0,338.0,25.5857988166,11,"[1.0, 1.416, 1.301, 1.959]"
BB3:SXF-YAP,1,0.75,  2.07,4519.0,224.0,40.3482142857,11,"[1.0, 1.282]"
BB3:TS+HG-GC+E6,2.5,1.875,  2.03,4788.0,85.0,112.658823529,26,"[3.334, 1.0, 1.337, 1.331]"
BB3:TS-CGB-0.5C6+0.5A6,2,1.0,  2.00,3538.0,130.0,54.4307692308,26,"[3.214, 2.375, 1.137, 1.0]"
BB3:TS-GBL-0.3E6+0.3A6,1.5,0.75,  2.19,5507.0,192.0,57.3645833333,26,"[8.348, 4.776, 1.0, 1.558]"
BB3:TS-GBL-0.3E6+0.3A6,2,1.0,  2.14,4110.0,130.0,63.2307692308,26,"[8.348, 4.776, 1.0, 1.558]"
BB3:TS-GBL-0.5E6+0.5A6,1.5,0.75,  2.09,5171.0,192.0,53.8645833333,26,"[5.009, 2.866, 1.0, 1.558]"
BB3:TS-GBL-0.5E6+0.5A6,2,1.0,  2.36,4461.0,136.0,65.6029411765,26,"[5.009, 2.866, 1.0, 1.558]"
BB3:TS-GBL-0.75E6+0.3A6,1.5,0.75,  2.15,5493.0,206.0,53.3300970874,26,"[5.356, 3.065, 1.604, 1.0]"
BB3:TS-GBL-0.75E6+0.3A6,2,1.0,  2.17,4392.0,144.0,61.0,26,"[5.356, 3.065, 1.604, 1.0]"
BB3:TS-GBL-0.75E6+0.3A6,2.5,1.25,  2.07,3264.0,98.0,66.612244898,26,"[5.356, 3.065, 1.604, 1.0]"
BB3:TS-GBL-0.75E6+0.3A6,2.5,1.875,  2.18,4317.0,96.0,89.9375,26,"[5.356, 3.065, 1.604, 1.0]"
BB3:TS-GBL,2,1.0,  2.23,4407.0,147.0,59.9591836735,26,"[1.748, 1.0]"
BB3:TS-OAT-0.3E6+0.3A6,1.5,0.75,  2.38,5578.0,190.0,58.7157894737,26,"[8.348, 5.62, 1.0, 1.558]"
BB3:TS-OAT-0.3E6+0.3A6,2,1.0,  2.81,4922.0,144.0,68.3611111111,26,"[8.348, 5.62, 1.0, 1.558]"
BB3:TS-OAT-0.3E6+0.3A6,2,1.5,  2.11,5023.0,120.0,83.7166666667,26,"[8.348, 5.62, 1.0, 1.558]"
BB3:TS-OAT-MX+YAP,1.5,0.75,  2.24,7015.0,213.0,65.8685446009,26,"[4.317, 2.907, 1.504, 1.0]"
BB3:TS-R-0.5B6+0.5A6,1.5,0.75,  2.31,5218.0,195.0,53.5179487179,26,"[4.254, 1.739, 1.0, 1.324]"
BB3:TS-R-B6+A6,1.5,0.75,  2.19,5685.0,211.0,53.8862559242,26,"[2.446, 1.0, 1.15, 1.522]"
BB3:TS-R-B6+A6,2,1.0,  2.39,4820.0,147.0,65.5782312925,26,"[2.446, 1.0, 1.15, 1.522]"
BB3:TS-R-B6+A6,2,1.5,  2.12,5156.0,123.0,83.837398374,26,"[2.446, 1.0, 1.15, 1.522]"
BB3:TS-R-YAP+X,3,1.5,  2.08,2647.0,72.0,73.5277777778,26,"[4.317, 1.765, 1.0, 1.104]"
BB3:TS-YS,1.5,0.75,  2.22,7650.0,214.0,71.4953271028,26,"[1.0, 3.681]"
BB3:TS-ZN+0.3A6-0.3ES,1.5,0.75,  2.10,6233.0,236.0,52.8220338983,26,"[25.373, 21.93, 4.737, 1.0]"
BB3:TS-ZN+0.3A6-0.3ES,2,1.0,  2.15,5080.0,162.0,62.7160493827,26,"[25.373, 21.93, 4.737, 1.0]"
BB3:US3Y-ZN-YS+TS,1.5,0.75,  2.23,8587.0,257.0,66.8249027237,26,"[1.0, 3.344, 14.244, 3.87]"
BB3:VS2_3+E6,1,0.5,  2.77,17923.0,277.0,129.407942238,55,You don't have VS2_3 in the database
BB3:VS2_3+E6,1.5,0.75,  3.86,19817.0,245.0,161.771428571,55,You don't have VS2_3 in the database
BB3:VS2_3+E6,2,1.0,  3.28,13575.0,169.0,160.650887574,55,You don't have VS2_3 in the database
BB3:VS2_3+E6,2,1.5,  2.18,11728.0,127.0,184.692913386,55,You don't have VS2_3 in the database
BB3:VS2_3+E6,2.5,1.25,  2.22,7009.0,83.0,168.891566265,55,You don't have VS2_3 in the database
BB3:VS2_3+E6,2.5,1.875,  2.33,9177.0,77.0,238.363636364,55,You don't have VS2_3 in the database
BB3:VS2_3+E6,4,2.0,  2.08,3042.0,8.0,760.5,55,You don't have VS2_3 in the database
BB3:VX+1.25ES,1,0.5,  3.22,8825.0,579.0,30.4835924007,8,"[1.968, 1.0]"
BB3:VX+1.25ES,1,0.75,  2.22,6547.0,377.0,34.7320954907,8,"[1.968, 1.0]"
BB3:VX+1.25ES,1.5,0.75,  2.54,5899.0,379.0,31.1292875989,8,"[1.968, 1.0]"
BB3:VX+1.25ES,1.5,1.125,  2.23,5720.0,291.0,39.3127147766,8,"[1.968, 1.0]"
BB3:VX+1.25ES,2,1.0,  2.57,5039.0,264.0,38.1742424242,8,"[1.968, 1.0]"
BB3:VX+1.25ES,2,1.5,  2.59,5921.0,224.0,52.8660714286,8,"[1.968, 1.0]"
BB3:VX+1.25ES,2.5,1.875,  2.10,3981.0,142.0,56.0704225352,8,"[1.968, 1.0]"
BB3:VX+1.25ES,3,2.25,  2.18,3511.0,102.0,68.8431372549,8,"[1.968, 1.0]"
BB3:VX+1.25ES,3.5,2.625,  2.22,2989.0,58.0,103.068965517,8,"[1.968, 1.0]"
BB3:VX+1.5ES,1,0.5,  2.88,8401.0,582.0,28.8694158076,8,"[1.64, 1.0]"
BB3:VX+1.5ES,1,0.75,  2.17,6856.0,426.0,32.1877934272,8,"[1.64, 1.0]"
BB3:VX+1.5ES,2,1.0,  2.15,4148.0,244.0,34.0,8,"[1.64, 1.0]"
BB3:VX+ES,1,0.5,  2.75,7509.0,553.0,27.157323689,8,"[2.461, 1.0]"
BB3:VX+ES,1.5,0.75,  2.75,6475.0,385.0,33.6363636364,8,"[2.461, 1.0]"
BB3:VX+ES,1.5,1.125,  2.16,5620.0,283.0,39.7173144876,8,"[2.461, 1.0]"
BB3:VX+ES,2,1.5,  2.14,4737.0,203.0,46.6699507389,8,"[2.461, 1.0]"
BB3:VX+ES,4,3.0,  2.17,3049.0,48.0,127.041666667,8,"[2.461, 1.0]"
BB3:VX+NQ,4,3.0,  2.24,3694.0,51.0,144.862745098,8,"[3.091, 1.0]"
BB3:VX-VS-0.5ESX+0.5ES,1.5,0.75,  2.14,5888.0,176.0,66.9090909091,31,"[4.921, 52.539, 4.243, 1.0]"
BB3:VX-VS-0.5ESX+0.5ES,2,1.0,  2.08,4624.0,130.0,71.1384615385,31,"[4.921, 52.539, 4.243, 1.0]"
BB3:VX-VS-ESX+ES,1.5,0.75,  2.22,6084.0,200.0,60.84,31,"[2.461, 26.27, 4.243, 1.0]"
BB3:VX2+1.5ES,1,0.5,  2.49,8397.0,554.0,30.3140794224,11,"[2.004, 1.0]"
BB3:VX2+ES,1,0.5,  3.49,10620.0,597.0,35.5778894472,11,"[3.007, 1.0]"
BB3:VX2+ES,1,0.75,  2.46,8400.0,327.0,51.376146789,11,"[3.007, 1.0]"
BB3:VX2+ES,1,1,  2.10,8235.0,221.0,74.5248868778,11,"[3.007, 1.0]"
BB3:VX2+ES,1.5,0.75,  3.01,7702.0,385.0,40.0103896104,11,"[3.007, 1.0]"
BB3:VX2+ES,1.5,1.125,  2.59,7458.0,287.0,51.9721254355,11,"[3.007, 1.0]"
BB3:VX2+ES,2,1.0,  2.80,5752.0,259.0,44.416988417,11,"[3.007, 1.0]"
BB3:VX2+ES,2,1.5,  2.55,6171.0,209.0,59.0526315789,11,"[3.007, 1.0]"
BB3:VX2+ES,2.5,1.25,  2.63,4187.0,163.0,51.3742331288,11,"[3.007, 1.0]"
BB3:VX2+ES,2.5,1.875,  2.30,4550.0,143.0,63.6363636364,11,"[3.007, 1.0]"
BB3:VX2-VS2-0.3ESX+0.3ES,1.5,0.75,  2.17,7142.0,150.0,95.2266666667,40,"[10.022, 108.991, 4.243, 1.0]"
BB3:VX2-VS2-0.3ESX+0.3ES,2,1.0,  3.03,6941.0,124.0,111.951612903,40,"[10.022, 108.991, 4.243, 1.0]"
BB3:VX2-VS2-0.3ESX+0.3ES,2.5,1.25,  3.63,5602.0,80.0,140.05,40,"[10.022, 108.991, 4.243, 1.0]"
BB3:VX2-VS2-0.3ESX+0.3ES,3,1.5,  2.69,3081.0,40.0,154.05,40,"[10.022, 108.991, 4.243, 1.0]"
BB3:VX2-VS2-0.3ESX+0.3ES,3.5,1.75,  2.16,1541.0,18.0,171.222222222,40,"[10.022, 108.991, 4.243, 1.0]"
BB3:VX2-VS2-0.3ESX+0.3ES,4,2.0,  2.11,995.0,10.0,199.0,40,"[10.022, 108.991, 4.243, 1.0]"
BB3:VX2-VS2-0.5ESX+0.5ES,1.5,0.75,  2.56,8585.0,166.0,103.43373494,40,"[6.013, 65.395, 4.243, 1.0]"
BB3:VX2-VS2-0.5ESX+0.5ES,2,1.0,  2.56,5507.0,108.0,101.981481481,40,"[6.013, 65.395, 4.243, 1.0]"
BB3:VX2-VS2-0.5ESX+0.5ES,2.5,1.25,  2.80,4022.0,64.0,125.6875,40,"[6.013, 65.395, 4.243, 1.0]"
BB3:VX2-VS2-0.5ESX+0.5ES,3,1.5,  2.22,2231.0,32.0,139.4375,40,"[6.013, 65.395, 4.243, 1.0]"
BB3:VX2-VS2,4,2.0,  2.43,1589.0,12.0,264.833333333,40,"[1.0, 10.875]"
BB3:VX2_1+VS1_2,1.5,0.75,  2.06,14420.0,237.0,121.687763713,50,You don't have VX2_1 in the database
BB3:VX2_1-1.25ES,1,0.5,  2.02,11866.0,235.0,100.987234043,50,You don't have VX2_1 in the database
BB3:VX2_1-1.25ES,1.5,1.125,  2.09,12210.0,143.0,170.769230769,50,You don't have VX2_1 in the database
BB3:VX2_1-1.5ES,1.5,0.75,  2.02,10341.0,210.0,98.4857142857,50,You don't have VX2_1 in the database
BB3:VX2_1-1.5ES,1.5,1.125,  2.16,12239.0,149.0,164.281879195,50,You don't have VX2_1 in the database
BB3:VX2_1-1.5ES,2,1.0,  2.15,9647.0,156.0,123.679487179,50,You don't have VX2_1 in the database
BB3:VX2_1-1.5ES,2,1.5,  2.00,10339.0,119.0,173.764705882,50,You don't have VX2_1 in the database
BB3:VX2_1-1.75ES,1,0.5,  2.54,14265.0,277.0,102.996389892,50,You don't have VX2_1 in the database
BB3:VX2_1-1.75ES,1,0.75,  2.12,13217.0,167.0,158.28742515,50,You don't have VX2_1 in the database
BB3:VX2_1-1.75ES,1.5,0.75,  2.65,13156.0,226.0,116.424778761,50,You don't have VX2_1 in the database
BB3:VX2_1-1.75ES,1.5,1.125,  2.30,12805.0,161.0,159.068322981,50,You don't have VX2_1 in the database
BB3:VX2_1-1.75ES,2,1.0,  2.33,10170.0,174.0,116.896551724,50,You don't have VX2_1 in the database
BB3:VX2_1-1.75ES,2,1.5,  2.33,11585.0,138.0,167.898550725,50,You don't have VX2_1 in the database
BB3:VX2_1-1.75ES,2.5,1.875,  2.34,10120.0,102.0,198.431372549,50,You don't have VX2_1 in the database
BB3:VX2_1-1.75ES,3,2.25,  2.03,7800.0,68.0,229.411764706,50,You don't have VX2_1 in the database
BB3:VX3+ES,1,0.5,  3.27,10507.0,489.0,42.9734151329,15,"[3.487, 1.0]"
BB3:VX3+ES,1,0.75,  2.41,8848.0,285.0,62.0912280702,15,"[3.487, 1.0]"
BB3:VX3+ES,1.5,0.75,  2.88,7633.0,351.0,43.4928774929,15,"[3.487, 1.0]"
BB3:VX3+ES,2,1.0,  2.64,5443.0,215.0,50.6325581395,15,"[3.487, 1.0]"
BB3:VX3+ES,2,1.5,  2.10,5337.0,173.0,61.6994219653,15,"[3.487, 1.0]"
BB3:VX3+ES,2.5,1.25,  2.14,3498.0,143.0,48.9230769231,15,"[3.487, 1.0]"
BB3:VX3_1+VS1_3,1,0.5,  2.35,20367.0,156.0,261.115384615,100,You don't have VS1_3 in the database
BB3:VX3_1+VS1_3,1,0.75,  2.20,20334.0,127.0,320.220472441,100,You don't have VS1_3 in the database
BB3:VX3_1-1.5ES,1,0.5,  2.93,13522.0,426.0,63.4835680751,20,"[5.206, 1.0]"
BB3:VX3_1-1.5ES,1,0.75,  2.57,12545.0,292.0,85.9246575342,20,"[5.206, 1.0]"
BB3:VX3_1-1.5ES,1.5,0.75,  2.63,11005.0,306.0,71.9281045752,20,"[5.206, 1.0]"
BB3:VX3_1-1.5ES,1.5,1.125,  2.67,11931.0,242.0,98.6033057851,20,"[5.206, 1.0]"
BB3:VX3_1-1.5ES,2,1.0,  2.22,8245.0,224.0,73.6160714286,20,"[5.206, 1.0]"
BB3:VX3_1-1.5ES,2,1.5,  2.34,9375.0,186.0,100.806451613,20,"[5.206, 1.0]"
BB3:VX3_1-1.5ES,2.5,1.25,  2.03,6904.0,164.0,84.1951219512,20,"[5.206, 1.0]"
BB3:VX3_1-1.5ES,2.5,1.875,  2.12,7900.0,140.0,112.857142857,20,"[5.206, 1.0]"
BB3:VX3_1-1.75ES,1,0.5,  3.52,16387.0,482.0,67.9958506224,20,"[4.462, 1.0]"
BB3:VX3_1-1.75ES,1,0.75,  3.60,17790.0,358.0,99.3854748603,20,"[4.462, 1.0]"
BB3:VX3_1-1.75ES,1,1,  2.65,15142.0,201.0,150.666666667,20,"[4.462, 1.0]"
BB3:VX3_1-1.75ES,1.5,0.75,  3.02,12544.0,334.0,75.1137724551,20,"[4.462, 1.0]"
BB3:VX3_1-1.75ES,1.5,1.125,  3.13,13932.0,274.0,101.693430657,20,"[4.462, 1.0]"
BB3:VX3_1-1.75ES,1.5,1.5,  2.22,12686.0,129.0,196.682170543,20,"[4.462, 1.0]"
BB3:VX3_1-1.75ES,2,1.0,  2.49,9200.0,226.0,81.4159292035,20,"[4.462, 1.0]"
BB3:VX3_1-1.75ES,2,1.5,  2.69,10708.0,194.0,110.391752577,20,"[4.462, 1.0]"
BB3:VX3_1-1.75ES,2.5,1.25,  2.17,7226.0,160.0,90.325,20,"[4.462, 1.0]"
BB3:VX3_1-1.75ES,2.5,1.875,  2.09,7742.0,138.0,112.202898551,20,"[4.462, 1.0]"
BB3:VX3_1-1.75ES,3,1.5,  2.33,6943.0,114.0,121.807017544,20,"[4.462, 1.0]"
BB3:VX3_1-1.75ES,3,2.25,  2.55,8373.0,96.0,174.4375,20,"[4.462, 1.0]"
BB3:VX3_1-2.0ES,1,0.5,  3.31,15502.0,474.0,65.4092827004,20,"[3.905, 1.0]"
BB3:VX3_1-2.0ES,1,0.75,  3.35,16702.0,348.0,95.9885057471,20,"[3.905, 1.0]"
BB3:VX3_1-2.0ES,1,1,  2.18,12834.0,181.0,141.812154696,20,"[3.905, 1.0]"
BB3:VX3_1-2.0ES,1.5,0.75,  3.15,12863.0,340.0,75.6647058824,20,"[3.905, 1.0]"
BB3:VX3_1-2.0ES,1.5,1.125,  2.77,12343.0,268.0,92.1119402985,20,"[3.905, 1.0]"
BB3:VX3_1-2.0ES,2,1.0,  2.77,10011.0,234.0,85.5641025641,20,"[3.905, 1.0]"
BB3:VX3_1-2.0ES,2,1.5,  2.66,10770.0,196.0,109.897959184,20,"[3.905, 1.0]"
BB3:VX3_1-2.0ES,2.5,1.25,  2.43,7525.0,150.0,100.333333333,20,"[3.905, 1.0]"
BB3:VX3_1-2.0ES,2.5,1.875,  2.68,9375.0,138.0,135.869565217,20,"[3.905, 1.0]"
BB3:VX3_1-2.0ES,3,1.5,  2.28,6383.0,108.0,118.203703704,20,"[3.905, 1.0]"
BB3:VX3_1-2.0ES,3,2.25,  2.64,8175.0,98.0,166.836734694,20,"[3.905, 1.0]"
BB3:VX3_1-2.0ES,3.5,1.75,  2.47,5701.0,60.0,190.033333333,20,"[3.905, 1.0]"
BB3:VX3_1-2.0ES,3.5,2.625,  2.57,6750.0,56.0,241.071428571,20,"[3.905, 1.0]"
BB3:VX3_1-2.25ES,1,0.5,  2.79,13471.0,454.0,59.3436123348,20,"[3.471, 1.0]"
BB3:VX3_1-2.25ES,1,0.75,  2.71,13796.0,340.0,81.1529411765,20,"[3.471, 1.0]"
BB3:VX3_1-2.25ES,1,1,  2.27,13998.0,173.0,161.826589595,20,"[3.471, 1.0]"
BB3:VX3_1-2.25ES,1.5,0.75,  3.53,14798.0,358.0,82.6703910615,20,"[3.471, 1.0]"
BB3:VX3_1-2.25ES,1.5,1.125,  2.91,13287.0,276.0,96.2826086957,20,"[3.471, 1.0]"
BB3:VX3_1-2.25ES,2,1.0,  2.53,8734.0,212.0,82.3962264151,20,"[3.471, 1.0]"
BB3:VX3_1-2.25ES,2,1.5,  2.22,9059.0,180.0,100.655555556,20,"[3.471, 1.0]"
BB3:VX3_1-2.25ES,2.5,1.875,  2.03,6793.0,130.0,104.507692308,20,"[3.471, 1.0]"
BB3:VX3_2+VS2_3,1,0.5,  2.11,16419.0,203.0,161.763546798,66,You don't have VX3_2 in the database
BB3:VX3_2+VS2_3,1.5,0.75,  2.23,14715.0,175.0,168.171428571,66,You don't have VX3_2 in the database
BB3:VX3_2+VS2_3,2,1.0,  2.16,10153.0,130.0,156.2,66,You don't have VX3_2 in the database
BB3:VX4-VS4,2,1.0,  2.31,7186.0,93.0,154.537634409,66,"[1.0, 11.537]"
BB3:VX4_2+VS2_4,1,0.5,  4.99,52694.0,339.0,310.879056047,66,You don't have VX4_2 in the database
BB3:VX4_2+VS2_4,1,0.75,  3.67,42821.0,205.0,417.765853659,66,You don't have VX4_2 in the database
BB3:VX4_2+VS2_4,1,1,  3.35,40258.0,193.0,417.18134715,66,You don't have VX4_2 in the database
BB3:VX4_2+VS2_4,1.5,0.75,  5.32,45982.0,296.0,310.689189189,66,You don't have VX4_2 in the database
BB3:VX4_2+VS2_4,1.5,1.125,  3.44,36699.0,156.0,470.5,66,You don't have VX4_2 in the database
BB3:VX4_2+VS2_4,1.5,1.5,  2.37,28357.0,115.0,493.165217391,66,You don't have VX4_2 in the database
BB3:VX4_2+VS2_4,2,1.0,  4.99,33390.0,190.0,351.473684211,66,You don't have VX4_2 in the database
BB3:VX4_2+VS2_4,2,1.5,  3.82,34072.0,136.0,501.058823529,66,You don't have VX4_2 in the database
BB3:VX4_2+VS2_4,2,2,  2.22,26487.0,87.0,608.896551724,66,You don't have VX4_2 in the database
BB3:VX4_2+VS2_4,2.5,1.25,  4.29,23907.0,114.0,419.421052632,66,You don't have VX4_2 in the database
BB3:VX4_2+VS2_4,2.5,1.875,  3.34,23235.0,92.0,505.108695652,66,You don't have VX4_2 in the database
BB3:VX4_2+VS2_4,3,1.5,  3.61,16671.0,62.0,537.774193548,66,You don't have VX4_2 in the database
BB3:VX4_2+VS2_4,3,2.25,  3.10,17766.0,56.0,634.5,66,You don't have VX4_2 in the database
BB3:VX4_2+VS2_4,3.5,1.75,  3.60,14993.0,48.0,624.708333333,66,You don't have VX4_2 in the database
BB3:VX4_2+VS2_4,3.5,2.625,  3.12,14312.0,44.0,650.545454545,66,You don't have VX4_2 in the database
BB3:VX4_2+VS2_4,4,2.0,  3.48,13380.0,38.0,704.210526316,66,You don't have VX4_2 in the database
BB3:VX4_2+VS2_4,4,3.0,  2.90,12199.0,36.0,677.722222222,66,You don't have VX4_2 in the database
BB3:VX4_2-VS2_4,1,0.5,  2.71,33508.0,333.0,201.249249249,66,You don't have VX4_2 in the database
BB3:VX4_2-VS2_4,1.5,0.75,  3.16,34225.0,295.0,232.033898305,66,You don't have VX4_2 in the database
BB3:VX4_2-VS2_4,1.5,1.125,  2.03,24443.0,185.0,264.248648649,66,You don't have VX4_2 in the database
BB3:VX4_2-VS2_4,2,1.0,  2.69,25200.0,191.0,263.87434555,66,You don't have VX4_2 in the database
BB3:VX4_2-VS2_4,2,1.5,  2.49,26594.0,159.0,334.51572327,66,You don't have VX4_2 in the database
BB3:VX4_2-VS2_4,2.5,1.25,  2.90,23472.0,127.0,369.637795276,66,You don't have VX4_2 in the database
BB3:VX4_2-VS2_4,2.5,1.875,  2.59,23758.0,111.0,428.072072072,66,You don't have VX4_2 in the database
BB3:VX4_2-VS2_4,3,1.5,  3.00,20904.0,75.0,557.44,66,You don't have VX4_2 in the database
BB3:VX4_2-VS2_4,3,2.25,  2.40,19221.0,63.0,610.19047619,66,You don't have VX4_2 in the database
BB3:VX4_2-VS2_4,3.5,1.75,  2.55,11564.0,41.0,564.097560976,66,You don't have VX4_2 in the database
BB3:VX4_2-VS2_4,4,2.0,  2.27,8717.0,26.0,670.538461538,66,You don't have VX4_2 in the database
BB3:VX4_3+VS3_4,1,0.5,  3.01,25290.0,259.0,195.28957529,66,You don't have VX4_3 in the database
BB3:VX4_3+VS3_4,1.5,0.75,  2.53,16114.0,191.0,168.732984293,66,You don't have VX4_3 in the database
BB3:VX4_3+VS3_4,2,1.0,  2.85,14246.0,148.0,192.513513514,66,You don't have VX4_3 in the database
BB3:VX4_3+VS3_4,2,1.5,  2.11,14390.0,111.0,259.279279279,66,You don't have VX4_3 in the database
BB3:VX4_3+VS3_4,2.5,1.25,  2.09,8818.0,98.0,179.959183673,66,You don't have VX4_3 in the database
BB3:VX4_3-VS3_4,1.5,0.75,  2.34,18303.0,224.0,163.419642857,66,You don't have VX4_3 in the database
BB3:VX4_3-VS3_4,2,1.0,  2.13,14070.0,164.0,171.585365854,66,You don't have VX4_3 in the database
BB3:X-A6,3.5,2.625,  2.50,2219.0,44.0,100.863636364,6,"[1.0, 2.432]"
BB3:X-C6,3,1.5,  2.39,2551.0,88.0,57.9772727273,6,"[1.0, 2.767]"
BB3:X-DF-0.3E6+0.3B6,1,0.5,  2.99,4860.0,489.0,19.8773006135,6,"[4.29, 1.0, 2.009, 2.365]"
BB3:X-DF-0.3E6+0.3B6,1,0.75,  2.50,4334.0,365.0,23.7479452055,6,"[4.29, 1.0, 2.009, 2.365]"
BB3:X-DF-0.3E6+0.3B6,1.5,0.75,  2.60,3580.0,325.0,22.0307692308,6,"[4.29, 1.0, 2.009, 2.365]"
BB3:X-DF-0.3E6+0.3B6,1.5,1.125,  2.43,3730.0,251.0,29.7211155378,6,"[4.29, 1.0, 2.009, 2.365]"
BB3:X-DF-0.3E6+0.3B6,2,1.0,  2.99,3300.0,228.0,28.9473684211,6,"[4.29, 1.0, 2.009, 2.365]"
BB3:X-DF-0.3E6+0.3B6,2,1.5,  2.49,3263.0,185.0,35.2756756757,6,"[4.29, 1.0, 2.009, 2.365]"
BB3:X-DF-0.3E6+0.3B6,2.5,1.25,  2.26,1937.0,134.0,28.9104477612,6,"[4.29, 1.0, 2.009, 2.365]"
BB3:X-DF-0.3E6+0.3B6,2.5,1.875,  2.03,2229.0,117.0,38.1025641026,6,"[4.29, 1.0, 2.009, 2.365]"
BB3:X-DF-0.5E6+0.5B6,1,0.5,  3.04,5065.0,511.0,19.8238747554,6,"[4.29, 1.0, 3.348, 3.942]"
BB3:X-DF-0.5E6+0.5B6,1,0.75,  2.78,4956.0,397.0,24.9672544081,6,"[4.29, 1.0, 3.348, 3.942]"
BB3:X-DF-0.5E6+0.5B6,1.5,0.75,  2.30,3235.0,325.0,19.9076923077,6,"[4.29, 1.0, 3.348, 3.942]"
BB3:X-DF-0.5E6+0.5B6,1.5,1.125,  2.24,3475.0,257.0,27.0428015564,6,"[4.29, 1.0, 3.348, 3.942]"
BB3:X-DF-0.5E6+0.5B6,2,1.0,  2.56,2931.0,230.0,25.4869565217,6,"[4.29, 1.0, 3.348, 3.942]"
BB3:X-DF-0.5E6+0.5B6,2,1.5,  2.50,3382.0,187.0,36.1711229947,6,"[4.29, 1.0, 3.348, 3.942]"
BB3:X-DF-E6+0.5B6,2,1.0,  2.39,3530.0,242.0,29.173553719,6,"[4.29, 1.0, 6.696, 3.942]"
BB3:X-DF-E6+0.5B6,2,1.5,  2.23,4046.0,201.0,40.2587064677,6,"[4.29, 1.0, 6.696, 3.942]"
BB3:X-DF,1,0.5,  3.32,5847.0,433.0,27.0069284065,6,"[4.29, 1.0]"
BB3:X-DF,1,0.75,  2.46,4612.0,321.0,28.7352024922,6,"[4.29, 1.0]"
BB3:X-DF,1,1,  2.07,4604.0,165.0,55.8060606061,6,"[4.29, 1.0]"
BB3:X-DF,1.5,0.75,  2.66,4005.0,279.0,28.7096774194,6,"[4.29, 1.0]"
BB3:X-DF,2,1.0,  2.58,3047.0,195.0,31.2512820513,6,"[4.29, 1.0]"
BB3:X-DF,2,1.5,  2.27,3176.0,155.0,40.9806451613,6,"[4.29, 1.0]"
BB3:X-DF,2.5,1.25,  2.65,2333.0,120.0,38.8833333333,6,"[4.29, 1.0]"
BB3:X-DF,2.5,1.875,  2.32,2649.0,107.0,49.5140186916,6,"[4.29, 1.0]"
BB3:X-DF,3,1.5,  2.38,1615.0,60.0,53.8333333333,6,"[4.29, 1.0]"
BB3:X-DF,3,2.25,  2.57,2203.0,60.0,73.4333333333,6,"[4.29, 1.0]"
BB3:X-DF,3.5,1.75,  2.01,1065.0,30.0,71.0,6,"[4.29, 1.0]"
BB3:X-ESX-0.3E6+0.3B6,1,0.5,  3.00,4932.0,509.0,19.3791748527,6,"[2.136, 4.654, 1.0, 1.177]"
BB3:X-ESX-0.3E6+0.3B6,1,0.75,  2.69,4659.0,397.0,23.4710327456,6,"[2.136, 4.654, 1.0, 1.177]"
BB3:X-ESX-0.3E6+0.3B6,1.5,0.75,  2.49,3400.0,329.0,20.6686930091,6,"[2.136, 4.654, 1.0, 1.177]"
BB3:X-ESX-0.3E6+0.3B6,1.5,1.125,  2.36,3583.0,265.0,27.041509434,6,"[2.136, 4.654, 1.0, 1.177]"
BB3:X-ESX-0.5E6+0.5B6,1,0.5,  3.05,5184.0,523.0,19.8240917782,6,"[1.281, 2.792, 1.0, 1.177]"
BB3:X-ESX-0.5E6+0.5B6,1,0.75,  2.57,4628.0,395.0,23.4329113924,6,"[1.281, 2.792, 1.0, 1.177]"
BB3:X-ESX-0.5E6+0.5B6,1.5,0.75,  2.40,3357.0,326.0,20.5950920245,6,"[1.281, 2.792, 1.0, 1.177]"
BB3:X-ESX-0.5E6+0.5B6,1.5,1.125,  2.12,3371.0,255.0,26.4392156863,6,"[1.281, 2.792, 1.0, 1.177]"
BB3:X-ESX,1,0.5,  2.65,4563.0,459.0,19.8823529412,6,"[1.0, 2.179]"
BB3:X-ESX,1,0.75,  2.33,4222.0,361.0,23.3905817175,6,"[1.0, 2.179]"
BB3:X-ESX,1.5,0.75,  2.20,3214.0,315.0,20.4063492063,6,"[1.0, 2.179]"
BB3:X-ESX,1.5,1.125,  2.01,3285.0,251.0,26.1752988048,6,"[1.0, 2.179]"
BB3:X-ESX,2,1.5,  2.05,2920.0,186.0,31.3978494624,6,"[1.0, 2.179]"
BB3:X-HG,2.5,1.25,  2.01,2644.0,121.0,43.7024793388,6,"[1.0, 1.172]"
BB3:X-HG,3,1.5,  2.73,2394.0,72.0,66.5,6,"[1.0, 1.172]"
BB3:X-HG,3.5,1.75,  2.42,1168.0,28.0,83.4285714286,6,"[1.0, 1.172]"
BB3:X-MX-0.5E6+0.5B6,3,1.5,  2.05,1083.0,72.0,30.0833333333,6,"[1.281, 1.745, 1.0, 1.177]"
BB3:X-NKD-0.3J6+0.3B6,1.5,0.75,  2.25,3569.0,345.0,20.6898550725,6,"[1.814, 1.072, 1.324, 1.0]"
BB3:X-NKD-0.3J6+0.3B6,2,1.0,  2.33,2848.0,220.0,25.8909090909,6,"[1.814, 1.072, 1.324, 1.0]"
BB3:X-NKD-0.3J6+0.3B6,2.5,1.25,  2.01,1770.0,128.0,27.65625,6,"[1.814, 1.072, 1.324, 1.0]"
BB3:X-NKD-0.5J6+0.5B6,1,0.75,  2.34,4960.0,415.0,23.9036144578,6,"[1.691, 1.0, 2.057, 1.554]"
BB3:X-NKD-0.5J6+0.5B6,1.5,0.75,  2.32,3885.0,340.0,22.8529411765,6,"[1.691, 1.0, 2.057, 1.554]"
BB3:X-NKD-0.5J6+0.5B6,2,1.0,  2.38,3035.0,218.0,27.8440366972,6,"[1.691, 1.0, 2.057, 1.554]"
BB3:X-NKD,4,2.0,  2.40,596.0,12.0,99.3333333333,6,"[1.691, 1.0]"
BB3:X-SXF-0.3C6+0.3B6,1,0.5,  2.13,4047.0,360.0,22.4833333333,6,"[1.814, 1.281, 1.506, 1.0]"
BB3:X,2,1.0,  2.18,3053.0,146.0,41.8219178082,6,[1.0]
BB3:XXP-ES,1,0.5,  2.86,24553.0,316.0,155.398734177,20,"[8.224, 1.0]"
BB3:XXP-ES,1,0.75,  2.86,25290.0,219.0,230.95890411,20,"[8.224, 1.0]"
BB3:XXP-ES,1,1,  2.05,19130.0,167.0,229.101796407,20,"[8.224, 1.0]"
BB3:XXP-ES,1.5,0.75,  3.42,27516.0,258.0,213.302325581,20,"[8.224, 1.0]"
BB3:XXP-ES,1.5,1.125,  3.39,28303.0,198.0,285.888888889,20,"[8.224, 1.0]"
BB3:XXP-ES,1.5,1.5,  2.63,24598.0,119.0,413.411764706,20,"[8.224, 1.0]"
BB3:XXP-ES,2,1.0,  3.41,25295.0,196.0,258.112244898,20,"[8.224, 1.0]"
BB3:XXP-ES,2,1.5,  3.04,24327.0,158.0,307.936708861,20,"[8.224, 1.0]"
BB3:XXP-ES,2,2,  3.07,28712.0,89.0,645.213483146,20,"[8.224, 1.0]"
BB3:XXP-ES,2.5,1.25,  2.86,20361.0,110.0,370.2,20,"[8.224, 1.0]"
BB3:XXP-ES,2.5,1.875,  2.70,20320.0,100.0,406.4,20,"[8.224, 1.0]"
BB3:XXP-ES,2.5,2.5,  2.04,19038.0,43.0,885.488372093,20,"[8.224, 1.0]"
BB3:XXP-ES,3,1.5,  3.68,23249.0,80.0,581.225,20,"[8.224, 1.0]"
BB3:XXP-ES,3,2.25,  3.68,23434.0,76.0,616.684210526,20,"[8.224, 1.0]"
BB3:XXP-ES,3,3,  2.38,22197.0,27.0,1644.22222222,20,"[8.224, 1.0]"
BB3:XXP-ES,3.5,1.75,  3.35,20874.0,54.0,773.111111111,20,"[8.224, 1.0]"
BB3:XXP-ES,3.5,2.625,  3.41,21313.0,54.0,789.37037037,20,"[8.224, 1.0]"
BB3:XXP-ES,3.5,3.5,  2.36,22040.0,19.0,2320.0,20,"[8.224, 1.0]"
BB3:XXP-ES,4,2.0,  3.22,19957.0,42.0,950.333333333,20,"[8.224, 1.0]"
BB3:XXP-ES,4,3.0,  3.24,20073.0,42.0,955.857142857,20,"[8.224, 1.0]"
BB3:YAP-CL,2.5,2.5,  2.45,8928.0,69.0,258.782608696,8,"[1.354, 1.0]"
BB3:YAP-DF-0.5E6+0.5A6,1,0.5,  2.03,4666.0,349.0,26.7392550143,8,"[3.884, 1.0, 3.348, 5.217]"
BB3:YAP-DF-0.5E6+0.5A6,1,0.75,  2.15,5247.0,287.0,36.5644599303,8,"[3.884, 1.0, 3.348, 5.217]"
BB3:YAP-DF-0.5E6+0.5A6,1.5,0.75,  2.02,3922.0,254.0,30.8818897638,8,"[3.884, 1.0, 3.348, 5.217]"
BB3:YAP-DF,1,0.5,  2.70,5956.0,324.0,36.7654320988,8,"[3.884, 1.0]"
BB3:YAP-DF,1,0.75,  3.33,8116.0,280.0,57.9714285714,8,"[3.884, 1.0]"
BB3:YAP-DF,1.5,0.75,  2.65,4859.0,254.0,38.2598425197,8,"[3.884, 1.0]"
BB3:YAP-DF,1.5,1.125,  2.74,5827.0,210.0,55.4952380952,8,"[3.884, 1.0]"
BB3:YAP-DF,2,1.5,  2.15,3754.0,154.0,48.7532467532,8,"[3.884, 1.0]"
BB3:YAP-DF,2,2,  2.64,7774.0,97.0,160.288659794,8,"[3.884, 1.0]"
BB3:YAP-RTY,2.5,2.5,  2.12,6418.0,59.0,217.559322034,8,"[1.085, 1.0]"
BB3:YAP-SXF-0.3C6+0.3A6,1,0.5,  2.97,7021.0,330.0,42.5515151515,8,"[1.282, 1.0, 1.176, 1.033]"
BB3:YAP-SXF-0.3C6+0.3A6,1,0.75,  2.45,6018.0,252.0,47.7619047619,8,"[1.282, 1.0, 1.176, 1.033]"
BB3:YAP-SXF-0.3C6+0.3A6,1,1,  2.06,5938.0,135.0,87.9703703704,8,"[1.282, 1.0, 1.176, 1.033]"
BB3:YAP-SXF-0.3C6+0.3A6,1.5,0.75,  2.05,3800.0,236.0,32.2033898305,8,"[1.282, 1.0, 1.176, 1.033]"
BB3:YAP-SXF-0.3C6+0.3A6,2,1.0,  2.36,3566.0,172.0,41.4651162791,8,"[1.282, 1.0, 1.176, 1.033]"
BB3:YAP-X-0.3B6+0.3A6,1,0.5,  2.23,5036.0,438.0,22.99543379,8,"[1.642, 1.814, 1.0, 1.324]"
BB3:YS-GBL,1,0.5,  2.02,7421.0,187.0,79.3689839572,41,"[6.434, 1.0]"
BB3:YS-GBM-0.5E6+0.5A6,1.5,0.75,  2.11,6129.0,169.0,72.5325443787,41,"[18.437, 7.19, 1.0, 1.558]"
BB3:YS-GBS-0.5E6+0.5A6,1,0.5,  2.27,9928.0,219.0,90.6666666667,41,"[18.437, 32.035, 1.0, 1.558]"
BB3:YS-GBS-0.5E6+0.5A6,1.5,0.75,  2.13,7622.0,183.0,83.3005464481,41,"[18.437, 32.035, 1.0, 1.558]"
BB3:ZB-E6,3,1.5,  2.79,3304.0,82.0,80.5853658537,11,"[1.0, 1.067]"
BB3:ZB-E6,3.5,1.75,  2.23,1709.0,40.0,85.45,11,"[1.0, 1.067]"
BB3:ZB-E6,4,2.0,  2.38,1234.0,18.0,137.111111111,11,"[1.0, 1.067]"
BB3:ZB-E6,4,3.0,  2.39,1687.0,18.0,187.444444444,11,"[1.0, 1.067]"
BB3:ZB-GBL-0.5E6,1,0.5,  2.01,4275.0,413.0,20.7021791768,11,"[1.874, 2.866, 1.0]"
BB3:ZB-GBL-0.5E6,1,0.75,  2.06,4695.0,311.0,30.192926045,11,"[1.874, 2.866, 1.0]"
BB3:ZB-GBL-0.5E6,1.5,0.75,  2.29,4030.0,289.0,27.8892733564,11,"[1.874, 2.866, 1.0]"
BB3:ZB-GBL-0.5E6,2,1.0,  2.31,3058.0,177.0,34.5536723164,11,"[1.874, 2.866, 1.0]"
BB3:ZB-GBX-0.5E6,1,0.5,  2.35,4879.0,412.0,23.6844660194,11,"[1.874, 1.061, 1.0]"
BB3:ZB-GBX-0.5E6,1.5,0.75,  2.24,3827.0,272.0,28.1397058824,11,"[1.874, 1.061, 1.0]"
BB3:ZB-GBX-0.5E6,1.5,1.125,  2.43,4643.0,236.0,39.3474576271,11,"[1.874, 1.061, 1.0]"
BB3:ZB-GBX-0.5E6,2,1.0,  3.00,3885.0,188.0,41.329787234,11,"[1.874, 1.061, 1.0]"
BB3:ZB-GBX-0.5E6,2,1.5,  2.44,3932.0,164.0,47.9512195122,11,"[1.874, 1.061, 1.0]"
BB3:ZB-GBX-0.5E6,2.5,1.25,  2.31,1996.0,92.0,43.3913043478,11,"[1.874, 1.061, 1.0]"
BB3:ZC-C6,1,0.5,  2.16,6721.0,351.0,38.2962962963,20,"[2.651, 1.0]"
BB3:ZC-ZS,1,0.5,  2.55,6479.0,250.0,51.832,25,"[3.441, 1.0]"
BB3:ZC-ZS,1,0.75,  2.08,6013.0,160.0,75.1625,25,"[3.441, 1.0]"
BB3:ZC-ZS,1,1,  2.09,6354.0,135.0,94.1333333333,25,"[3.441, 1.0]"
BB3:ZC-ZS,1.5,0.75,  2.61,5495.0,212.0,51.8396226415,25,"[3.441, 1.0]"
BB3:ZC-ZS,1.5,1.125,  2.50,6334.0,156.0,81.2051282051,25,"[3.441, 1.0]"
BB3:ZC-ZS,1.5,1.5,  2.20,6700.0,99.0,135.353535354,25,"[3.441, 1.0]"
BB3:ZC-ZS,2,1.0,  2.06,3608.0,140.0,51.5428571429,25,"[3.441, 1.0]"
BB3:ZC-ZS,2,1.5,  2.19,4774.0,124.0,77.0,25,"[3.441, 1.0]"
BB3:ZC-ZW,1.5,0.75,  2.18,4699.0,192.0,48.9479166667,25,"[2.418, 1.0]"
BB3:ZC-ZW,1.5,1.125,  2.02,5018.0,145.0,69.2137931034,25,"[2.418, 1.0]"
BB3:ZC-ZW,1.5,1.5,  2.29,6972.0,95.0,146.778947368,25,"[2.418, 1.0]"
BB3:ZC-ZW,2,2,  2.30,6992.0,69.0,202.666666667,25,"[2.418, 1.0]"
BB3:ZC-ZW,3.5,2.625,  2.41,2428.0,40.0,121.4,25,"[2.418, 1.0]"
BB3:ZF-R,1.5,0.75,  2.16,2902.0,157.0,36.9681528662,13,"[3.414, 1.0]"
BB3:ZF-R,2,1.0,  2.30,2335.0,101.0,46.2376237624,13,"[3.414, 1.0]"
BB3:ZF-R,2,1.5,  2.40,2966.0,93.0,63.7849462366,13,"[3.414, 1.0]"
BB3:ZF-R,2,2,  2.70,5712.0,53.0,215.547169811,13,"[3.414, 1.0]"
BB3:ZF-ZB-0.33VX2,1,0.5,  2.24,5738.0,339.0,33.8525073746,18,"[10.709, 2.871, 1.0]"
BB3:ZF-ZB-0.33VX2,2,1.0,  2.02,3403.0,183.0,37.1912568306,18,"[10.709, 2.871, 1.0]"
BB3:ZF-ZB-0.5VX,3,1.5,  2.02,2748.0,71.0,77.4084507042,18,"[8.636, 2.316, 1.0]"
BB3:ZF-ZB-0.5VX2,1,0.5,  2.17,6310.0,363.0,34.7658402204,18,"[7.068, 1.895, 1.0]"
BB3:ZF-ZB-0.5VX2,2,1.5,  2.01,4856.0,169.0,57.4674556213,18,"[7.068, 1.895, 1.0]"
BB3:ZF-ZB-0.75VX2,1,0.5,  2.28,8367.0,415.0,40.3228915663,18,"[4.712, 1.263, 1.0]"
BB3:ZF-ZB-0.75VX2,1.5,0.75,  2.32,7284.0,315.0,46.2476190476,18,"[4.712, 1.263, 1.0]"
BB3:ZF-ZB-0.75VX2,2,1.0,  2.10,5395.0,215.0,50.1860465116,18,"[4.712, 1.263, 1.0]"
BB3:ZF-ZB-0.75VX2,3.5,1.75,  2.07,2735.0,52.0,105.192307692,18,"[4.712, 1.263, 1.0]"
BB3:ZF-ZB-0.75VX2,3.5,2.625,  2.02,3351.0,48.0,139.625,18,"[4.712, 1.263, 1.0]"
BB3:ZL-ZM,1,0.5,  2.34,6897.0,475.0,29.04,10,"[1.717, 1.0]"
BB3:ZL-ZM,1.5,0.75,  2.67,6725.0,338.0,39.7928994083,10,"[1.717, 1.0]"
BB3:ZL-ZM,1.5,1.125,  2.35,6513.0,265.0,49.1547169811,10,"[1.717, 1.0]"
BB3:ZL-ZM,2,1.0,  2.80,5604.0,226.0,49.592920354,10,"[1.717, 1.0]"
BB3:ZL-ZM,2,1.5,  2.25,5332.0,185.0,57.6432432432,10,"[1.717, 1.0]"
BB3:ZL-ZM,2.5,1.25,  2.64,4158.0,140.0,59.4,10,"[1.717, 1.0]"
BB3:ZL-ZM,3,1.5,  2.26,2591.0,80.0,64.775,10,"[1.717, 1.0]"
BB3:ZN+ES-TS-YAP-E6-A6,1.5,0.75,  2.36,10108.0,356.0,56.7865168539,11,"[6.579, 1.0, 7.612, 1.763, 3.039, 4.737]"
BB3:ZN+ES-TS-YAP-E6-A6,2.5,1.875,  2.16,6527.0,104.0,125.519230769,11,"[6.579, 1.0, 7.612, 1.763, 3.039, 4.737]"
BB3:ZN+ICEDX,3,1.5,  2.26,2652.0,74.0,71.6756756757,11,"[1.312, 1.0]"
BB3:ZN+ICEDX,4,2.0,  2.80,1339.0,18.0,148.777777778,11,"[1.312, 1.0]"
BB3:ZN+ICEDX,4,3.0,  2.53,1915.0,18.0,212.777777778,11,"[1.312, 1.0]"
BB3:ZN-0.5GC+0.5J6,4,4,  2.16,8351.0,17.0,982.470588235,11,"[4.31, 1.0, 1.552]"
BB3:ZN-E6,4,2.0,  2.10,1256.0,22.0,114.181818182,11,"[2.165, 1.0]"
BB3:ZN-GBL-0.3E6,1,0.5,  2.44,5088.0,407.0,25.0024570025,11,"[7.215, 4.776, 1.0]"
BB3:ZN-GBL-0.3E6,1.5,0.75,  2.29,3991.0,271.0,29.4538745387,11,"[7.215, 4.776, 1.0]"
BB3:ZN-GBL-0.3E6,2,1.0,  2.62,3541.0,192.0,36.8854166667,11,"[7.215, 4.776, 1.0]"
BB3:ZN-GBL-0.3E6,2,1.5,  2.05,3374.0,160.0,42.175,11,"[7.215, 4.776, 1.0]"
BB3:ZN-GBL-0.3E6,2.5,1.25,  2.41,2275.0,98.0,46.4285714286,11,"[7.215, 4.776, 1.0]"
BB3:ZN-GBL-0.3E6,2.5,1.875,  2.19,2664.0,92.0,57.9130434783,11,"[7.215, 4.776, 1.0]"
BB3:ZN-GBL-0.5E6,1,0.5,  2.79,6010.0,431.0,27.8886310905,11,"[4.329, 2.866, 1.0]"
BB3:ZN-GBL-0.5E6,1,0.75,  2.59,6090.0,315.0,38.6666666667,11,"[4.329, 2.866, 1.0]"
BB3:ZN-GBL-0.5E6,1.5,0.75,  2.85,4976.0,304.0,32.7368421053,11,"[4.329, 2.866, 1.0]"
BB3:ZN-GBL-0.5E6,2,1.0,  2.32,3147.0,184.0,34.2065217391,11,"[4.329, 2.866, 1.0]"
BB3:ZN-GBL-0.5E6,2.5,1.25,  2.15,2124.0,104.0,40.8461538462,11,"[4.329, 2.866, 1.0]"
BB3:ZN-GBL-E6,1,0.5,  2.77,7175.0,478.0,30.0209205021,11,"[2.165, 1.433, 1.0]"
BB3:ZN-GBL-E6,1,0.75,  2.20,6022.0,360.0,33.4555555556,11,"[2.165, 1.433, 1.0]"
BB3:ZN-GBL-E6,1.5,0.75,  2.38,5108.0,306.0,33.385620915,11,"[2.165, 1.433, 1.0]"
BB3:ZN-GBL-E6,1.5,1.125,  2.36,5634.0,252.0,44.7142857143,11,"[2.165, 1.433, 1.0]"
BB3:ZN-GBL-E6,2,1.0,  2.30,3888.0,204.0,38.1176470588,11,"[2.165, 1.433, 1.0]"
BB3:ZN-GBL-E6,2,1.5,  2.00,4037.0,168.0,48.0595238095,11,"[2.165, 1.433, 1.0]"
BB3:ZN-GBL-E6,3,1.5,  2.50,2016.0,60.0,67.2,11,"[2.165, 1.433, 1.0]"
BB3:ZN-R,2,1.0,  2.53,3233.0,165.0,39.1878787879,11,"[2.114, 1.0]"
BB3:ZN-R,2.5,1.25,  2.24,1918.0,92.0,41.6956521739,11,"[2.114, 1.0]"
BB3:ZN-R,2.5,2.5,  2.04,5346.0,51.0,209.647058824,11,"[2.114, 1.0]"
BB3:ZN-R,3.5,2.625,  2.13,1288.0,28.0,92.0,11,"[2.114, 1.0]"
BB3:ZN-ZB-0.33VX,2.5,1.25,  2.00,2730.0,127.0,42.9921259843,18,"[8.102, 3.508, 1.0]"
BB3:ZN-ZB-0.33VX2,1,0.5,  2.09,5486.0,289.0,37.9653979239,18,"[6.631, 2.871, 1.0]"
BB3:ZN-ZB-0.33VX2,1.5,0.75,  2.04,4224.0,239.0,35.3472803347,18,"[6.631, 2.871, 1.0]"
BB3:ZN-ZB-0.33VX2,2,1.0,  2.13,3574.0,183.0,39.0601092896,18,"[6.631, 2.871, 1.0]"
BB3:ZN-ZB-0.33VX2,2.5,1.25,  2.20,2956.0,131.0,45.1297709924,18,"[6.631, 2.871, 1.0]"
BB3:ZN-ZB-0.33VX2,2.5,1.875,  2.05,3705.0,119.0,62.268907563,18,"[6.631, 2.871, 1.0]"
BB3:ZN-ZB-0.33VX2,3,1.5,  2.11,1980.0,75.0,52.8,18,"[6.631, 2.871, 1.0]"
BB3:ZN-ZB-0.5VX2,1,0.5,  2.26,6784.0,359.0,37.7938718663,18,"[4.376, 1.895, 1.0]"
BB3:ZN-ZB-0.5VX2,1.5,0.75,  2.31,5737.0,287.0,39.9790940767,18,"[4.376, 1.895, 1.0]"
BB3:ZN-ZB-0.5VX2,2.5,1.875,  2.07,4306.0,121.0,71.173553719,18,"[4.376, 1.895, 1.0]"
BB3:ZN-ZB-0.75VX2,1.5,0.75,  2.19,6948.0,309.0,44.9708737864,18,"[2.918, 1.263, 1.0]"
BB3:ZN-ZB-0.75VX2,2,1.0,  2.04,5292.0,213.0,49.6901408451,18,"[2.918, 1.263, 1.0]"
BB3:ZS-ZC,1,0.5,  2.59,6352.0,328.0,38.7317073171,16,"[1.0, 3.441]"
BB3:ZS-ZC,1,0.75,  2.05,5562.0,212.0,52.4716981132,16,"[1.0, 3.441]"
BB3:ZS-ZC,1.5,0.75,  2.62,5466.0,254.0,43.0393700787,16,"[1.0, 3.441]"
BB3:ZS-ZC,1.5,1.125,  2.36,5708.0,192.0,59.4583333333,16,"[1.0, 3.441]"
BB3:ZS-ZC,1.5,1.5,  2.06,6270.0,107.0,117.196261682,16,"[1.0, 3.441]"
BB3:ZS-ZC,2,1.0,  2.56,4518.0,182.0,49.6483516484,16,"[1.0, 3.441]"
BB3:ZS-ZC,2,1.5,  2.41,5110.0,156.0,65.5128205128,16,"[1.0, 3.441]"
BB3:ZS-ZC,2,2,  2.02,6150.0,81.0,151.851851852,16,"[1.0, 3.441]"
BB3:ZS-ZC,2.5,1.875,  2.01,3507.0,102.0,68.7647058824,16,"[1.0, 3.441]"
BB3:ZS-ZC,2.5,2.5,  2.16,6552.0,63.0,208.0,16,"[1.0, 3.441]"
BB3:ZS-ZW,1.5,1.5,  2.13,6592.0,107.0,123.214953271,16,"[1.0, 1.423]"
BB3:ZS-ZW,2,2,  3.10,9586.0,85.0,225.552941176,16,"[1.0, 1.423]"
BB3:ZS-ZW,2.5,2.5,  2.08,6430.0,45.0,285.777777778,16,"[1.0, 1.423]"
BB3:ZW-C6,1,1,  2.30,8233.0,169.0,97.4319526627,16,"[1.096, 1.0]"
BB3:ZW-C6,4,3.0,  2.13,1259.0,14.0,179.857142857,16,"[1.096, 1.0]"
BB3:ZW-M6,3,1.5,  2.20,2533.0,74.0,68.4594594595,16,"[1.0, 1.509]"
