BB3:DF-0.5MX-0.5X,1,0.5,  3.73,5028.0,451.0,22.2971175166,6.0,"[1.0, 3.125, 2.233]"
BB3:DF-0.5MX-0.5X,1,0.75,  3.42,4871.0,353.0,27.597733711,6.0,"[1.0, 3.125, 2.233]"
BB3:DF-0.5MX-0.5X,1,1,  2.60,4498.0,167.0,53.8682634731,6.0,"[1.0, 3.125, 2.233]"
BB3:DF-0.5MX-0.5X,1.5,0.75,  3.73,4190.0,317.0,26.4353312303,6.0,"[1.0, 3.125, 2.233]"
BB3:DF-0.5MX-0.5X,1.5,1.125,  3.69,4620.0,265.0,34.8679245283,6.0,"[1.0, 3.125, 2.233]"
BB3:DF-0.5MX-0.5X,1.5,1.5,  2.00,3453.0,113.0,61.1150442478,6.0,"[1.0, 3.125, 2.233]"
BB3:DF-0.5MX-0.5X,2,1.0,  3.14,2840.0,204.0,27.8431372549,6.0,"[1.0, 3.125, 2.233]"
BB3:DF-0.5MX-0.5X,2,1.5,  2.96,3167.0,175.0,36.1942857143,6.0,"[1.0, 3.125, 2.233]"
BB3:DF-0.5MX-0.5X,2.5,1.25,  2.20,1636.0,118.0,27.7288135593,6.0,"[1.0, 3.125, 2.233]"
BB3:DF-0.5MX-0.5X,2.5,1.875,  2.68,2307.0,108.0,42.7222222222,6.0,"[1.0, 3.125, 2.233]"
BB3:DF-0.5MX-0.5X,3,1.5,  2.04,1164.0,62.0,37.5483870968,6.0,"[1.0, 3.125, 2.233]"
BB3:DF-0.5X-0.5ES,1,0.5,  2.15,3344.0,486.0,13.7613168724,5.0,"[1.0, 2.233, 1.034]"
BB3:DF-0.5X-0.5ES,1.5,0.75,  2.87,3642.0,338.0,21.550295858,5.0,"[1.0, 2.233, 1.034]"
BB3:DF-0.5X-0.5ES,2,1.0,  2.29,2313.0,206.0,22.4563106796,5.0,"[1.0, 2.233, 1.034]"
BB3:DF-ESX,1,0.5,  3.55,4502.0,561.0,16.0499108734,5.0,"[1.0, 9.614]"
BB3:DF-ESX,1,0.75,  2.98,4112.0,373.0,22.0482573727,5.0,"[1.0, 9.614]"
BB3:DF-ESX,1,1,  2.09,3403.0,215.0,31.6558139535,5.0,"[1.0, 9.614]"
BB3:DF-ESX,1.5,0.75,  3.61,3625.0,387.0,18.7338501292,5.0,"[1.0, 9.614]"
BB3:DF-ESX,1.5,1.125,  3.00,3500.0,299.0,23.4113712375,5.0,"[1.0, 9.614]"
BB3:DF-ESX,1.5,1.5,  2.48,4028.0,157.0,51.3121019108,5.0,"[1.0, 9.614]"
BB3:DF-ESX,2,1.0,  2.84,2183.0,226.0,19.3185840708,5.0,"[1.0, 9.614]"
BB3:DF-ESX,2,1.5,  2.22,2154.0,190.0,22.6736842105,5.0,"[1.0, 9.614]"
BB3:DF-MX,1,0.5,  3.35,4140.0,461.0,17.9609544469,5.0,"[1.0, 6.25]"
BB3:DF-MX,1,0.75,  3.21,4224.0,359.0,23.5320334262,5.0,"[1.0, 6.25]"
BB3:DF-MX,1,1,  2.27,3663.0,179.0,40.9273743017,5.0,"[1.0, 6.25]"
BB3:DF-MX,1.5,0.75,  3.70,3808.0,332.0,22.9397590361,5.0,"[1.0, 6.25]"
BB3:DF-MX,1.5,1.125,  3.28,3771.0,259.0,29.1196911197,5.0,"[1.0, 6.25]"
BB3:DF-MX,1.5,1.5,  2.34,3761.0,117.0,64.2905982906,5.0,"[1.0, 6.25]"
BB3:DF-MX,2,1.0,  2.30,1948.0,188.0,20.7234042553,5.0,"[1.0, 6.25]"
BB3:DF-MX,2,1.5,  2.29,2257.0,160.0,28.2125,5.0,"[1.0, 6.25]"
BB3:DF-MX,2.5,1.875,  2.46,1992.0,110.0,36.2181818182,5.0,"[1.0, 6.25]"
BB3:DF-MX,3,2.25,  2.05,1426.0,72.0,39.6111111111,5.0,"[1.0, 6.25]"
BB3:DF-NKD,1,0.5,  2.08,3868.0,448.0,17.2678571429,5.0,"[1.0, 2.432]"
BB3:DF-NKD-0.3J6+0.3E6,1,0.5,  2.14,4022.0,461.0,17.4490238612,5.0,"[1.0, 2.432, 1.964, 1.851]"
BB3:DF-X,1,0.5,  3.48,6183.0,525.0,23.5542857143,5.0,"[1.0, 4.466]"
BB3:DF-X,1,0.75,  2.99,5659.0,405.0,27.9456790123,5.0,"[1.0, 4.466]"
BB3:DF-X,1,1,  2.30,5237.0,199.0,52.6331658291,5.0,"[1.0, 4.466]"
BB3:DF-X,1.5,0.75,  2.40,3612.0,317.0,22.7886435331,5.0,"[1.0, 4.466]"
BB3:DF-X,2,1.0,  2.59,3070.0,225.0,27.2888888889,5.0,"[1.0, 4.466]"
BB3:DF-X,2,1.5,  2.03,2876.0,177.0,32.4971751412,5.0,"[1.0, 4.466]"
BB3:DF-X,2.5,1.25,  3.14,2616.0,138.0,37.9130434783,5.0,"[1.0, 4.466]"
BB3:DF-X,2.5,1.875,  2.75,3160.0,126.0,50.1587301587,5.0,"[1.0, 4.466]"
BB3:DF-X,3,1.5,  3.29,1891.0,70.0,54.0285714286,5.0,"[1.0, 4.466]"
BB3:DF-X,3,2.25,  3.08,2428.0,68.0,71.4117647059,5.0,"[1.0, 4.466]"
BB3:DF-X,3.5,1.75,  2.39,855.0,28.0,61.0714285714,5.0,"[1.0, 4.466]"
BB3:DF-X,3.5,2.625,  2.20,1013.0,26.0,77.9230769231,5.0,"[1.0, 4.466]"
BB3:DF-X-0.3B6+0.3E6,1,0.5,  4.08,6920.0,604.0,22.9139072848,5.0,"[1.0, 4.466, 2.932, 1.851]"
BB3:DF-X-0.3B6+0.3E6,1,0.75,  3.72,6741.0,463.0,29.1187904968,5.0,"[1.0, 4.466, 2.932, 1.851]"
BB3:DF-X-0.3B6+0.3E6,1,1,  2.13,4718.0,201.0,46.9452736318,5.0,"[1.0, 4.466, 2.932, 1.851]"
BB3:DF-X-0.3B6+0.3E6,1.5,0.75,  3.25,4654.0,382.0,24.3664921466,5.0,"[1.0, 4.466, 2.932, 1.851]"
BB3:DF-X-0.3B6+0.3E6,1.5,1.125,  3.23,5131.0,299.0,34.3210702341,5.0,"[1.0, 4.466, 2.932, 1.851]"
BB3:DF-X-0.3B6+0.3E6,2,1.0,  3.45,3905.0,254.0,30.7480314961,5.0,"[1.0, 4.466, 2.932, 1.851]"
BB3:DF-X-0.3B6+0.3E6,2,1.5,  2.87,3862.0,206.0,37.4951456311,5.0,"[1.0, 4.466, 2.932, 1.851]"
BB3:DF-X-0.3B6+0.3E6,2.5,1.25,  2.91,2596.0,160.0,32.45,5.0,"[1.0, 4.466, 2.932, 1.851]"
BB3:DF-X-0.3B6+0.3E6,2.5,1.875,  2.57,2937.0,138.0,42.5652173913,5.0,"[1.0, 4.466, 2.932, 1.851]"
BB3:DF-X-0.3B6+0.3E6,3,1.5,  2.17,1413.0,92.0,30.7173913043,5.0,"[1.0, 4.466, 2.932, 1.851]"
BB3:DF-X-0.3B6+0.3E6,3,2.25,  2.46,2156.0,86.0,50.1395348837,5.0,"[1.0, 4.466, 2.932, 1.851]"
BB3:DF-X-0.3B6+0.3E6,4,2.0,  2.07,638.0,26.0,49.0769230769,5.0,"[1.0, 4.466, 2.932, 1.851]"
BB3:DF-X-B6+E6,1,0.5,  2.86,6613.0,609.0,21.7175697865,5.0,"[1.0, 4.466, 9.773, 6.17]"
BB3:DF-X-B6+E6,1,0.75,  2.41,5875.0,465.0,25.2688172043,5.0,"[1.0, 4.466, 9.773, 6.17]"
BB3:DF-X-B6+E6,1.5,1.125,  2.10,4462.0,291.0,30.6666666667,5.0,"[1.0, 4.466, 9.773, 6.17]"
BB3:DF-XXP,1,0.5,  3.08,11341.0,587.0,38.6405451448,5.0,"[1.0, 18.875]"
BB3:DF-XXP,1,0.75,  2.44,9347.0,401.0,46.6184538653,5.0,"[1.0, 18.875]"
BB3:DF-XXP,1.5,0.75,  3.48,9787.0,405.0,48.3308641975,5.0,"[1.0, 18.875]"
BB3:DF-XXP,1.5,1.125,  2.79,9053.0,325.0,55.7107692308,5.0,"[1.0, 18.875]"
BB3:DF-XXP,2,1.0,  3.19,8576.0,251.0,68.3346613546,5.0,"[1.0, 18.875]"
BB3:DF-XXP,2,1.5,  3.36,9222.0,215.0,85.7860465116,5.0,"[1.0, 18.875]"
BB3:DF-XXP,2,2,  2.12,8434.0,101.0,167.00990099,5.0,"[1.0, 18.875]"
BB3:DF-XXP,2.5,1.25,  3.00,7880.0,164.0,96.0975609756,5.0,"[1.0, 18.875]"
BB3:DF-XXP,2.5,1.875,  3.09,8310.0,148.0,112.297297297,5.0,"[1.0, 18.875]"
BB3:DF-XXP,3,1.5,  2.60,6653.0,98.0,135.775510204,5.0,"[1.0, 18.875]"
BB3:DF-XXP,3,2.25,  2.74,7168.0,86.0,166.697674419,5.0,"[1.0, 18.875]"
BB3:DF-XXP,3,3,  2.19,8714.0,33.0,528.121212121,5.0,"[1.0, 18.875]"
BB3:DF-XXP,3.5,1.75,  2.59,6546.0,70.0,187.028571429,5.0,"[1.0, 18.875]"
BB3:DF-XXP,3.5,2.625,  2.73,7068.0,66.0,214.181818182,5.0,"[1.0, 18.875]"
BB3:DF-XXP,3.5,3.5,  2.22,8825.0,29.0,608.620689655,5.0,"[1.0, 18.875]"
BB3:DF-XXP,4,2.0,  2.37,5971.0,36.0,331.722222222,5.0,"[1.0, 18.875]"
BB3:DF-XXP,4,3.0,  2.52,6427.0,36.0,357.055555556,5.0,"[1.0, 18.875]"
BB3:DF-YAP-0.3A6+0.3E6,1,0.5,  2.37,5500.0,463.0,23.7580993521,5.0,"[1.0, 3.807, 2.843, 1.851]"
BB3:DF-YAP-0.3A6+0.3E6,1,0.75,  2.10,5296.0,347.0,30.5244956772,5.0,"[1.0, 3.807, 2.843, 1.851]"
BB3:DF-YAP-0.3A6+0.3E6,1.5,0.75,  2.69,5324.0,321.0,33.1713395639,5.0,"[1.0, 3.807, 2.843, 1.851]"
BB3:DF-YAP-0.3A6+0.3E6,1.5,1.125,  2.22,5087.0,255.0,39.8980392157,5.0,"[1.0, 3.807, 2.843, 1.851]"
BB3:ES-0.4RTY-0.6YM,1.5,0.75,  2.04,1812.0,306.0,11.8431372549,5.0,"[1.64, 1.049, 1.0]"
BB3:ES-0.5YM-0.5RTY,1.5,0.75,  2.18,2108.0,326.0,12.9325153374,5.0,"[1.968, 1.0, 1.573]"
BB3:ESX-0.53DF-0.40MX-0.10IM,1,0.5,  2.38,2233.0,325.0,13.7415384615,6.0,"[28.776, 1.586, 7.483, 1.0]"
BB3:ESX-0.53DF-0.40MX-0.10IM,1.5,0.75,  2.77,2111.0,280.0,15.0785714286,6.0,"[28.776, 1.586, 7.483, 1.0]"
BB3:ESX-0.53DF-0.40MX-0.10IM,2,1.0,  2.26,1297.0,178.0,14.5730337079,6.0,"[28.776, 1.586, 7.483, 1.0]"
BB3:ESX-0.53DF-0.40MX-0.10IM,2,1.5,  2.09,1572.0,152.0,20.6842105263,6.0,"[28.776, 1.586, 7.483, 1.0]"
BB3:ESX-0.5MX-0.5DF,1,0.5,  2.17,2242.0,333.0,13.4654654655,6.0,"[19.227, 6.25, 1.0]"
BB3:ESX-0.5MX-0.5DF,1.5,0.75,  2.38,2048.0,266.0,15.3984962406,6.0,"[19.227, 6.25, 1.0]"
BB3:ESX-DF,1,0.5,  3.50,4445.0,515.0,17.2621359223,6.0,"[9.614, 1.0]"
BB3:ESX-DF,1,0.75,  2.80,3961.0,323.0,24.5263157895,6.0,"[9.614, 1.0]"
BB3:ESX-DF,1,1,  2.08,3385.0,207.0,32.7053140097,6.0,"[9.614, 1.0]"
BB3:ESX-DF,1.5,0.75,  3.55,3566.0,359.0,19.8662952646,6.0,"[9.614, 1.0]"
BB3:ESX-DF,1.5,1.125,  3.04,3574.0,277.0,25.8050541516,6.0,"[9.614, 1.0]"
BB3:ESX-DF,1.5,1.5,  2.65,4304.0,157.0,54.8280254777,6.0,"[9.614, 1.0]"
BB3:ESX-DF,2,1.0,  2.76,2106.0,210.0,20.0571428571,6.0,"[9.614, 1.0]"
BB3:ESX-DF,2,1.5,  2.17,2096.0,178.0,23.5505617978,6.0,"[9.614, 1.0]"
BB3:ESX-MX,1,0.5,  2.03,2445.0,366.0,13.3606557377,6.0,"[1.538, 1.0]"
BB3:ESX-MX,1.5,0.75,  2.10,2190.0,282.0,15.5319148936,6.0,"[1.538, 1.0]"
BB3:ESX-X,1,0.5,  3.00,4625.0,339.0,27.2861356932,6.0,"[2.153, 1.0]"
BB3:ESX-X,1,0.75,  3.26,5218.0,281.0,37.1387900356,6.0,"[2.153, 1.0]"
BB3:ESX-X,1,1,  2.05,3961.0,125.0,63.376,6.0,"[2.153, 1.0]"
BB3:ESX-X,1.5,0.75,  2.38,3174.0,215.0,29.5255813953,6.0,"[2.153, 1.0]"
BB3:ESX-X,1.5,1.125,  2.31,3373.0,175.0,38.5485714286,6.0,"[2.153, 1.0]"
BB3:ESX-X,2,1.0,  2.62,2922.0,157.0,37.2229299363,6.0,"[2.153, 1.0]"
BB3:ESX-X,2,1.5,  2.64,3433.0,135.0,50.8592592593,6.0,"[2.153, 1.0]"
BB3:ESX-X,2.5,1.25,  2.69,2083.0,94.0,44.3191489362,6.0,"[2.153, 1.0]"
BB3:MME-ESX,1,0.5,  3.40,6452.0,535.0,24.1196261682,6.0,"[1.0, 1.541]"
BB3:MME-ESX,1,0.75,  3.02,6070.0,413.0,29.3946731235,6.0,"[1.0, 1.541]"
BB3:MME-ESX,1,1,  2.09,5138.0,193.0,53.2435233161,6.0,"[1.0, 1.541]"
BB3:MME-ESX,1.5,0.75,  3.05,4849.0,351.0,27.6296296296,6.0,"[1.0, 1.541]"
BB3:MME-ESX,1.5,1.125,  2.81,5023.0,271.0,37.0701107011,6.0,"[1.0, 1.541]"
BB3:MX-DF,1,0.5,  3.00,4188.0,439.0,19.0797266515,6.0,"[6.25, 1.0]"
BB3:MX-DF,1,0.75,  3.04,4489.0,339.0,26.4837758112,6.0,"[6.25, 1.0]"
BB3:MX-DF,1,1,  2.09,3649.0,175.0,41.7028571429,6.0,"[6.25, 1.0]"
BB3:MX-DF,1.5,0.75,  3.15,3798.0,316.0,24.0379746835,6.0,"[6.25, 1.0]"
BB3:MX-DF,1.5,1.125,  2.93,3854.0,255.0,30.2274509804,6.0,"[6.25, 1.0]"
BB3:MX-DF,1.5,1.5,  2.20,3837.0,117.0,65.5897435897,6.0,"[6.25, 1.0]"
BB3:MX-DF,2,1.0,  2.44,2384.0,184.0,25.9130434783,6.0,"[6.25, 1.0]"
BB3:MX-DF,2.5,1.25,  2.02,1659.0,114.0,29.1052631579,6.0,"[6.25, 1.0]"
BB3:MX-DF,2.5,1.875,  2.57,2410.0,108.0,44.6296296296,6.0,"[6.25, 1.0]"
BB3:MX-DF,3,1.5,  2.24,1641.0,76.0,43.1842105263,6.0,"[6.25, 1.0]"
BB3:MX-DF,3,2.25,  2.42,2045.0,76.0,53.8157894737,6.0,"[6.25, 1.0]"
BB3:MX-DF,3,3,  2.18,3741.0,41.0,182.487804878,6.0,"[6.25, 1.0]"
BB3:MX-ESX,1,0.5,  2.05,2468.0,368.0,13.4130434783,6.0,"[1.0, 1.538]"
BB3:MX-ESX,1.5,0.75,  2.10,2190.0,282.0,15.5319148936,6.0,"[1.0, 1.538]"
BB3:MX-X,2.5,1.875,  2.18,2188.0,120.0,36.4666666667,6.0,"[1.399, 1.0]"
BB3:NKD-0.5ES+0.5J6,1.5,1.5,  2.33,5091.0,135.0,75.4222222222,6.0,"[2.352, 1.0, 3.165]"
BB3:NKD-DF-0.3E6+0.3J6,1,0.5,  2.03,3862.0,435.0,17.7563218391,6.0,"[2.432, 1.0, 1.851, 1.964]"
BB3:NKD-ESX,1,0.5,  3.45,6810.0,490.0,27.7959183673,6.0,"[1.0, 3.953]"
BB3:NKD-ESX,1,0.75,  2.51,5272.0,362.0,29.1270718232,6.0,"[1.0, 3.953]"
BB3:NKD-ESX,1.5,0.75,  3.33,5631.0,348.0,32.3620689655,6.0,"[1.0, 3.953]"
BB3:NKD-ESX,1.5,1.125,  2.22,4224.0,260.0,32.4923076923,6.0,"[1.0, 3.953]"
BB3:NKD-ESX,2,1.0,  3.57,4492.0,242.0,37.1239669421,6.0,"[1.0, 3.953]"
BB3:NKD-ESX,2,1.5,  2.60,4282.0,200.0,42.82,6.0,"[1.0, 3.953]"
BB3:NKD-ESX,2.5,1.25,  2.49,2224.0,128.0,34.75,6.0,"[1.0, 3.953]"
BB3:NKD-ESX,2.5,1.875,  2.11,2578.0,120.0,42.9666666667,6.0,"[1.0, 3.953]"
BB3:NKD-ESX,3,1.5,  2.31,1616.0,80.0,40.4,6.0,"[1.0, 3.953]"
BB3:NKD-ESX,3,2.25,  2.57,2340.0,78.0,60.0,6.0,"[1.0, 3.953]"
BB3:NKD-ESX-0.3E6+0.3J6,1,0.5,  2.79,5618.0,520.0,21.6076923077,6.0,"[1.314, 5.193, 1.0, 1.061]"
BB3:NKD-ESX-0.3E6+0.3J6,1,0.75,  2.32,5032.0,384.0,26.2083333333,6.0,"[1.314, 5.193, 1.0, 1.061]"
BB3:NKD-ESX-0.3E6+0.3J6,1.5,0.75,  2.51,4265.0,356.0,23.9606741573,6.0,"[1.314, 5.193, 1.0, 1.061]"
BB3:NKD-ESX-0.3E6+0.3J6,1.5,1.125,  2.38,4641.0,278.0,33.3884892086,6.0,"[1.314, 5.193, 1.0, 1.061]"
BB3:NKD-ESX-0.3E6+0.3J6,2,1.0,  2.44,3114.0,230.0,27.0782608696,6.0,"[1.314, 5.193, 1.0, 1.061]"
BB3:NKD-ESX-0.3E6+0.3J6,2,1.5,  2.95,4776.0,208.0,45.9230769231,6.0,"[1.314, 5.193, 1.0, 1.061]"
BB3:NKD-ESX-0.5E6+0.5J6,1,0.5,  2.26,5074.0,503.0,20.1749502982,6.0,"[1.0, 3.953, 1.269, 1.346]"
BB3:NKD-ESX-0.5E6+0.5J6,1.5,0.75,  2.10,3946.0,368.0,21.4456521739,6.0,"[1.0, 3.953, 1.269, 1.346]"
BB3:NKD-SXF-0.3C6+0.3J6,1,0.5,  2.38,4893.0,405.0,24.162962963,6.0,"[1.238, 1.458, 1.917, 1.0]"
BB3:NKD-SXF-0.3C6+0.3J6,1,0.75,  2.40,5195.0,335.0,31.0149253731,6.0,"[1.238, 1.458, 1.917, 1.0]"
BB3:NKD-SXF-0.3C6+0.3J6,1.5,1.125,  2.24,4194.0,237.0,35.3924050633,6.0,"[1.238, 1.458, 1.917, 1.0]"
BB3:NKD-X,3,1.5,  2.17,1575.0,68.0,46.3235294118,6.0,"[1.0, 1.836]"
BB3:NKD-X,4,2.0,  2.39,511.0,10.0,102.2,6.0,"[1.0, 1.836]"
BB3:NKD-X-0.3B6+0.3J6,1.5,0.75,  2.62,4274.0,351.0,24.3532763533,6.0,"[1.238, 2.274, 1.493, 1.0]"
BB3:NKD-X-0.3B6+0.3J6,2,1.0,  2.70,3387.0,228.0,29.7105263158,6.0,"[1.238, 2.274, 1.493, 1.0]"
BB3:NKD-X-0.3B6+0.3J6,2.5,1.25,  2.28,2043.0,130.0,31.4307692308,6.0,"[1.238, 2.274, 1.493, 1.0]"
BB3:NKD-X-0.3B6+0.3J6,3,2.25,  2.23,1869.0,62.0,60.2903225806,6.0,"[1.238, 2.274, 1.493, 1.0]"
BB3:NKD-X-0.5B6+0.5J6,1,0.5,  2.18,4703.0,523.0,17.9847036329,6.0,"[1.0, 1.836, 2.009, 1.346]"
BB3:NKD-X-0.5B6+0.5J6,1,0.75,  2.53,5764.0,431.0,26.747099768,6.0,"[1.0, 1.836, 2.009, 1.346]"
BB3:NKD-X-0.5B6+0.5J6,1.5,0.75,  2.11,3767.0,345.0,21.8376811594,6.0,"[1.0, 1.836, 2.009, 1.346]"
BB3:NKD-X-0.5B6+0.5J6,1.5,1.125,  2.11,4189.0,277.0,30.2454873646,6.0,"[1.0, 1.836, 2.009, 1.346]"
BB3:NKD-X-0.5B6+0.5J6,2,1.0,  2.10,2806.0,219.0,25.6255707763,6.0,"[1.0, 1.836, 2.009, 1.346]"
BB3:NKD-X-0.5B6+0.5J6,2,1.5,  2.02,3428.0,187.0,36.6631016043,6.0,"[1.0, 1.836, 2.009, 1.346]"
BB3:NKD-YAP-0.3A6+0.3J6,1.5,0.75,  2.13,4347.0,371.0,23.4339622642,6.0,"[1.238, 1.939, 1.448, 1.0]"
BB3:SXF-DF,3,2.25,  2.56,2122.0,53.0,80.0754716981,11.0,"[2.864, 1.0]"
BB3:SXF-ES+0.5C6,1,0.5,  2.40,5063.0,405.0,25.0024691358,10.0,"[1.385, 1.0, 3.033]"
BB3:SXF-ES+0.5C6,1,0.75,  2.10,4701.0,319.0,29.473354232,10.0,"[1.385, 1.0, 3.033]"
BB3:SXF-ES+0.5C6,1,1,  2.01,5346.0,175.0,61.0971428571,10.0,"[1.385, 1.0, 3.033]"
BB3:SXF-ESX-0.7E6,3,3,  2.02,6713.0,31.0,433.096774194,11.0,"[1.0, 3.357, 1.508]"
BB3:SXF-NKD-0.3J6+0.3C6,1,0.5,  2.01,4132.0,347.0,23.8155619597,11.0,"[1.458, 1.238, 1.0, 1.917]"
BB3:SXF-NKD-0.3J6+0.3C6,1.5,1.125,  2.08,3889.0,211.0,36.8625592417,11.0,"[1.458, 1.238, 1.0, 1.917]"
BB3:SXF-NQ,2.5,2.5,  2.55,6580.0,49.0,268.571428571,11.0,"[1.703, 1.0]"
BB3:SXF-RTY,1,0.5,  2.55,4981.0,409.0,24.3569682152,11.0,"[1.0, 1.155]"
BB3:SXF-RTY,1.5,0.75,  2.19,3449.0,269.0,25.6431226766,11.0,"[1.0, 1.155]"
BB3:SXF-RTY,1.5,1.125,  2.04,3695.0,217.0,34.0552995392,11.0,"[1.0, 1.155]"
BB3:SXF-RTY,4,2.0,  2.05,575.0,16.0,71.875,11.0,"[1.0, 1.155]"
BB3:SXF-YAP,2,1.0,  2.05,2872.0,156.0,36.8205128205,11.0,"[1.0, 1.329]"
BB3:X-DF,1,0.5,  3.99,7356.0,519.0,28.3468208092,6.0,"[4.466, 1.0]"
BB3:X-DF,1,0.75,  3.38,6611.0,395.0,33.4734177215,6.0,"[4.466, 1.0]"
BB3:X-DF,1,1,  2.67,6221.0,203.0,61.2906403941,6.0,"[4.466, 1.0]"
BB3:X-DF,1.5,0.75,  2.88,4534.0,317.0,28.6056782334,6.0,"[4.466, 1.0]"
BB3:X-DF,1.5,1.125,  2.05,3528.0,237.0,29.7721518987,6.0,"[4.466, 1.0]"
BB3:X-DF,2,1.0,  2.90,3608.0,225.0,32.0711111111,6.0,"[4.466, 1.0]"
BB3:X-DF,2,1.5,  2.58,3851.0,181.0,42.5524861878,6.0,"[4.466, 1.0]"
BB3:X-DF,2.5,1.25,  3.28,2981.0,136.0,43.8382352941,6.0,"[4.466, 1.0]"
BB3:X-DF,2.5,1.875,  2.91,3508.0,124.0,56.5806451613,6.0,"[4.466, 1.0]"
BB3:X-DF,3,1.5,  3.38,2323.0,72.0,64.5277777778,6.0,"[4.466, 1.0]"
BB3:X-DF,3,2.25,  3.20,2822.0,70.0,80.6285714286,6.0,"[4.466, 1.0]"
BB3:X-DF,3.5,1.75,  2.30,1203.0,30.0,80.2,6.0,"[4.466, 1.0]"
BB3:X-DF,3.5,2.625,  2.20,1323.0,28.0,94.5,6.0,"[4.466, 1.0]"
BB3:X-DF-0.3E6+0.3B6,1,0.5,  4.22,7155.0,586.0,24.4197952218,6.0,"[4.466, 1.0, 1.851, 2.932]"
BB3:X-DF-0.3E6+0.3B6,1,0.75,  3.65,6637.0,439.0,30.2369020501,6.0,"[4.466, 1.0, 1.851, 2.932]"
BB3:X-DF-0.3E6+0.3B6,1.5,0.75,  3.40,4826.0,370.0,26.0864864865,6.0,"[4.466, 1.0, 1.851, 2.932]"
BB3:X-DF-0.3E6+0.3B6,1.5,1.125,  3.32,5262.0,289.0,36.4152249135,6.0,"[4.466, 1.0, 1.851, 2.932]"
BB3:X-DF-0.3E6+0.3B6,2,1.0,  3.50,3952.0,248.0,31.8709677419,6.0,"[4.466, 1.0, 1.851, 2.932]"
BB3:X-DF-0.3E6+0.3B6,2,1.5,  3.05,4073.0,204.0,39.931372549,6.0,"[4.466, 1.0, 1.851, 2.932]"
BB3:X-DF-0.3E6+0.3B6,2.5,1.25,  2.76,2454.0,152.0,32.2894736842,6.0,"[4.466, 1.0, 1.851, 2.932]"
BB3:X-DF-0.3E6+0.3B6,2.5,1.875,  2.58,2928.0,134.0,43.7014925373,6.0,"[4.466, 1.0, 1.851, 2.932]"
BB3:X-DF-0.3E6+0.3B6,3,1.5,  2.07,1368.0,90.0,30.4,6.0,"[4.466, 1.0, 1.851, 2.932]"
BB3:X-DF-0.3E6+0.3B6,3,2.25,  2.47,2150.0,84.0,51.1904761905,6.0,"[4.466, 1.0, 1.851, 2.932]"
BB3:X-DF-0.3E6+0.3B6,4,2.0,  2.12,655.0,26.0,50.3846153846,6.0,"[4.466, 1.0, 1.851, 2.932]"
BB3:X-DF-0.5E6+0.5B6,1,0.5,  3.89,6856.0,591.0,23.2013536379,6.0,"[4.466, 1.0, 3.085, 4.886]"
BB3:X-DF-0.5E6+0.5B6,1,0.75,  3.79,7115.0,467.0,30.4710920771,6.0,"[4.466, 1.0, 3.085, 4.886]"
BB3:X-DF-0.5E6+0.5B6,1,1,  2.27,5267.0,201.0,52.407960199,6.0,"[4.466, 1.0, 3.085, 4.886]"
BB3:X-DF-0.5E6+0.5B6,1.5,0.75,  3.22,4733.0,381.0,24.845144357,6.0,"[4.466, 1.0, 3.085, 4.886]"
BB3:X-DF-0.5E6+0.5B6,1.5,1.125,  3.27,5319.0,307.0,34.651465798,6.0,"[4.466, 1.0, 3.085, 4.886]"
BB3:X-DF-0.5E6+0.5B6,2,1.0,  3.12,3695.0,257.0,28.7548638132,6.0,"[4.466, 1.0, 3.085, 4.886]"
BB3:X-DF-0.5E6+0.5B6,2,1.5,  3.13,4396.0,211.0,41.6682464455,6.0,"[4.466, 1.0, 3.085, 4.886]"
BB3:X-DF-0.5E6+0.5B6,2.5,1.875,  2.07,2372.0,129.0,36.7751937984,6.0,"[4.466, 1.0, 3.085, 4.886]"
BB3:X-DF-E6+0.5B6,1,0.5,  2.25,5312.0,549.0,19.3515482696,6.0,"[4.466, 1.0, 6.17, 4.886]"
BB3:X-DF-E6+0.5B6,2,1.0,  2.28,3610.0,259.0,27.8764478764,6.0,"[4.466, 1.0, 6.17, 4.886]"
BB3:X-DF-E6+0.5B6,3.5,3.5,  2.19,6506.0,23.0,565.739130435,6.0,"[4.466, 1.0, 6.17, 4.886]"
BB3:X-ESX,1,0.5,  2.44,4460.0,351.0,25.4131054131,15.0,"[1.0, 2.153]"
BB3:X-ESX,1.5,0.75,  2.05,3170.0,263.0,24.1064638783,15.0,"[1.0, 2.153]"
BB3:X-ESX,2,1.0,  2.12,2752.0,194.0,28.3711340206,15.0,"[1.0, 2.153]"
BB3:X-ESX,2,1.5,  2.30,3474.0,169.0,41.1124260355,15.0,"[1.0, 2.153]"
BB3:X-ESX,4,2.0,  2.01,380.0,12.0,63.3333333333,15.0,"[1.0, 2.153]"
BB3:X-ESX-0.3E6+0.3B6,1,0.5,  3.51,6058.0,577.0,20.9982668977,6.0,"[2.413, 5.193, 1.0, 1.584]"
BB3:X-ESX-0.3E6+0.3B6,1,0.75,  3.24,5932.0,457.0,25.9606126915,6.0,"[2.413, 5.193, 1.0, 1.584]"
BB3:X-ESX-0.3E6+0.3B6,1.5,0.75,  3.48,4943.0,389.0,25.4138817481,6.0,"[2.413, 5.193, 1.0, 1.584]"
BB3:X-ESX-0.3E6+0.3B6,1.5,1.125,  3.07,4887.0,307.0,31.8371335505,6.0,"[2.413, 5.193, 1.0, 1.584]"
BB3:X-ESX-0.5E6+0.5B6,1,0.5,  3.37,6042.0,597.0,20.2412060302,6.0,"[1.448, 3.116, 1.0, 1.584]"
BB3:X-ESX-0.5E6+0.5B6,1,0.75,  2.86,5440.0,451.0,24.1241685144,6.0,"[1.448, 3.116, 1.0, 1.584]"
BB3:X-ESX-0.5E6+0.5B6,1.5,0.75,  2.69,3993.0,367.0,21.7602179837,6.0,"[1.448, 3.116, 1.0, 1.584]"
BB3:X-ESX-0.5E6+0.5B6,1.5,1.125,  2.34,3936.0,285.0,27.6210526316,6.0,"[1.448, 3.116, 1.0, 1.584]"
BB3:X-ESX-0.5E6+0.5B6,2,1.5,  2.12,2838.0,189.0,30.0317460317,6.0,"[1.448, 3.116, 1.0, 1.584]"
BB3:X-MX,2.5,1.875,  2.17,2180.0,120.0,36.3333333333,6.0,"[1.0, 1.399]"
BB3:X-NKD,3,1.5,  2.17,1575.0,68.0,46.3235294118,6.0,"[1.836, 1.0]"
BB3:X-NKD,4,2.0,  2.39,511.0,10.0,102.2,6.0,"[1.836, 1.0]"
BB3:X-NKD-0.3J6+0.3B6,1.5,0.75,  2.62,4277.0,351.0,24.3703703704,6.0,"[2.274, 1.238, 1.0, 1.493]"
BB3:X-NKD-0.3J6+0.3B6,2,1.0,  2.70,3387.0,228.0,29.7105263158,6.0,"[2.274, 1.238, 1.0, 1.493]"
BB3:X-NKD-0.3J6+0.3B6,2.5,1.25,  2.28,2043.0,130.0,31.4307692308,6.0,"[2.274, 1.238, 1.0, 1.493]"
BB3:X-NKD-0.3J6+0.3B6,3,2.25,  2.23,1869.0,62.0,60.2903225806,6.0,"[2.274, 1.238, 1.0, 1.493]"
BB3:X-NKD-0.5J6+0.5B6,1,0.5,  2.18,4698.0,523.0,17.965583174,6.0,"[1.836, 1.0, 1.346, 2.009]"
BB3:X-NKD-0.5J6+0.5B6,1,0.75,  2.53,5759.0,431.0,26.7238979118,6.0,"[1.836, 1.0, 1.346, 2.009]"
BB3:X-NKD-0.5J6+0.5B6,1.5,0.75,  2.10,3762.0,345.0,21.8086956522,6.0,"[1.836, 1.0, 1.346, 2.009]"
BB3:X-NKD-0.5J6+0.5B6,1.5,1.125,  2.10,4184.0,277.0,30.2093862816,6.0,"[1.836, 1.0, 1.346, 2.009]"
BB3:X-NKD-0.5J6+0.5B6,2,1.0,  2.10,2804.0,219.0,25.6073059361,6.0,"[1.836, 1.0, 1.346, 2.009]"
BB3:X-NKD-0.5J6+0.5B6,2,1.5,  2.02,3423.0,187.0,36.6096256684,6.0,"[1.836, 1.0, 1.346, 2.009]"
BB3:YAP-DF,1,0.5,  2.31,5523.0,361.0,30.5983379501,8.0,"[3.807, 1.0]"
BB3:YAP-DF,1,0.75,  2.91,7587.0,309.0,49.1067961165,8.0,"[3.807, 1.0]"
BB3:YAP-DF,1.5,0.75,  2.79,5778.0,286.0,40.4055944056,8.0,"[3.807, 1.0]"
BB3:YAP-DF,1.5,1.125,  2.54,5932.0,227.0,52.2643171806,8.0,"[3.807, 1.0]"
BB3:YAP-DF,2,1.0,  2.06,3005.0,186.0,32.311827957,8.0,"[3.807, 1.0]"
BB3:YAP-DF,2,1.5,  2.01,3965.0,165.0,48.0606060606,8.0,"[3.807, 1.0]"
BB3:YAP-DF,2,2,  2.57,7945.0,103.0,154.27184466,8.0,"[3.807, 1.0]"
BB3:YAP-DF-0.5E6+0.5A6,1.5,0.75,  2.08,4394.0,293.0,29.9931740614,8.0,"[3.807, 1.0, 3.085, 4.739]"
BB3:YAP-ES+0.5A6,1,0.5,  2.15,5418.0,515.0,21.040776699,8.0,"[1.841, 1.0, 2.291]"
BB3:YAP-ES+0.5A6,1.5,0.75,  2.00,4154.0,349.0,23.8051575931,8.0,"[1.841, 1.0, 2.291]"
BB3:YAP-ESX-0.3E6+0.3A6,1,0.5,  2.14,5331.0,395.0,26.9924050633,8.0,"[2.056, 5.193, 1.0, 1.536]"
BB3:YAP-MX,1,0.75,  2.05,5024.0,251.0,40.03187251,8.0,"[1.0, 1.642]"
BB3:YAP-MX,1.5,1.125,  2.05,4536.0,189.0,48.0,8.0,"[1.0, 1.642]"
BB3:YAP-NKD-0.3J6+0.3A6,1.5,0.75,  2.03,4155.0,353.0,23.5410764873,8.0,"[1.939, 1.238, 1.0, 1.448]"
BB3:YAP-RTY,2.5,2.5,  2.18,6747.0,61.0,221.213114754,8.0,"[1.151, 1.0]"
BB3:YAP-SXF-0.3C6+0.3A6,1,0.5,  3.21,7726.0,359.0,43.0417827298,8.0,"[1.339, 1.007, 1.324, 1.0]"
BB3:YAP-SXF-0.3C6+0.3A6,1,0.75,  2.53,6523.0,275.0,47.44,8.0,"[1.339, 1.007, 1.324, 1.0]"
BB3:YAP-SXF-0.3C6+0.3A6,1.5,0.75,  2.92,5494.0,274.0,40.102189781,8.0,"[1.339, 1.007, 1.324, 1.0]"
BB3:YAP-SXF-0.3C6+0.3A6,1.5,1.125,  2.71,5679.0,221.0,51.3936651584,8.0,"[1.339, 1.007, 1.324, 1.0]"
BB3:YAP-SXF-0.3C6+0.3A6,2,1.0,  3.07,4544.0,186.0,48.8602150538,8.0,"[1.339, 1.007, 1.324, 1.0]"
BB3:YAP-SXF-0.3C6+0.3A6,2,1.5,  2.47,4604.0,160.0,57.55,8.0,"[1.339, 1.007, 1.324, 1.0]"
