BB3:2.0R-ZN-GBL,2,1.0,  2.29,5202.0,170.0,61.2,20.0,"[1.815, 1.34, 1.0]"
BB3:2.0R-ZN-GBL,2.5,1.25,  2.06,3126.0,98.0,63.7959183673,20.0,"[1.815, 1.34, 1.0]"
BB3:2.0R-ZN-GBL,3,1.5,  2.42,2411.0,52.0,92.7307692308,20.0,"[1.815, 1.34, 1.0]"
BB3:2.0R-ZN-GBL,3,2.25,  2.09,2804.0,44.0,127.454545455,20.0,"[1.815, 1.34, 1.0]"
BB3:2.0R-ZN-GBL,4,3.0,  2.16,1024.0,12.0,170.666666667,20.0,"[1.815, 1.34, 1.0]"
BB3:BT-CGB,1,0.5,  3.14,9327.0,279.0,66.8602150538,25.0,"[1.0, 4.622]"
BB3:BT-CGB,1.5,0.75,  2.13,5123.0,208.0,49.2596153846,25.0,"[1.0, 4.622]"
BB3:BT-CGB,1.5,1.125,  2.94,8358.0,171.0,97.7543859649,25.0,"[1.0, 4.622]"
BB3:BT-CGB-0.3C6+0.3J6,1.5,1.125,  2.42,6672.0,154.0,86.6493506494,25.0,"[1.302, 6.019, 1.917, 1.0]"
BB3:BT-CGB-0.3C6+0.3J6,2,1.5,  2.42,5323.0,114.0,93.3859649123,25.0,"[1.302, 6.019, 1.917, 1.0]"
BB3:BT-GBL,1.5,0.75,  2.48,6505.0,219.0,59.4063926941,25.0,"[1.0, 3.316]"
BB3:BT-GBL,1.5,1.125,  2.66,8724.0,157.0,111.133757962,25.0,"[1.0, 3.316]"
BB3:BT-GBL,1.5,1.5,  2.05,8890.0,85.0,209.176470588,25.0,"[1.0, 3.316]"
BB3:BT-GBL,2,1.0,  2.06,4207.0,146.0,57.6301369863,25.0,"[1.0, 3.316]"
BB3:BT-GBL,2,1.5,  2.09,5915.0,117.0,101.111111111,25.0,"[1.0, 3.316]"
BB3:BT-GBL,2,2,  2.09,8938.0,63.0,283.746031746,25.0,"[1.0, 3.316]"
BB3:BT-GBL-0.3E6+0.3J6,1.5,1.125,  2.07,6572.0,150.0,87.6266666667,25.0,"[1.381, 4.579, 1.0, 1.061]"
BB3:BT-GBL-0.3E6+0.3J6,2,1.0,  2.28,4390.0,138.0,63.6231884058,25.0,"[1.381, 4.579, 1.0, 1.061]"
BB3:BT-GBL-0.5DF+0.5NKD,1.5,0.75,  2.58,6919.0,231.0,59.9047619048,25.0,"[5.114, 16.955, 1.0, 2.432]"
BB3:BT-GBL-0.5DF+0.5NKD,1.5,1.125,  2.29,7546.0,167.0,90.371257485,25.0,"[5.114, 16.955, 1.0, 2.432]"
BB3:BT-GBL-0.5DF+0.5NKD,2,1.5,  2.29,6419.0,131.0,98.0,25.0,"[5.114, 16.955, 1.0, 2.432]"
BB3:BT-GBL-0.5DF+0.5NKD,2.5,1.875,  2.43,5600.0,97.0,115.463917526,25.0,"[5.114, 16.955, 1.0, 2.432]"
BB3:BT-GBL-0.5E6+0.5J6,2,1.0,  2.17,4521.0,148.0,61.0945945946,25.0,"[1.0, 3.316, 1.207, 1.28]"
BB3:BT-R,1,0.5,  2.49,7774.0,221.0,70.3529411765,25.0,"[1.0, 3.009]"
BB3:BT-R,1.5,0.75,  2.58,6336.0,187.0,67.7647058824,25.0,"[1.0, 3.009]"
BB3:BT-R,2.5,1.875,  2.32,4495.0,86.0,104.534883721,25.0,"[1.0, 3.009]"
BB3:BT-R,3,2.25,  2.77,4526.0,72.0,125.722222222,25.0,"[1.0, 3.009]"
BB3:BT-R,3,3,  2.10,8517.0,37.0,460.378378378,25.0,"[1.0, 3.009]"
BB3:BT-R-0.3B6+0.3J6,1.5,1.125,  2.02,5792.0,130.0,89.1076923077,25.0,"[1.302, 3.918, 1.493, 1.0]"
BB3:BT-R-0.3B6+0.3J6,2,1.0,  2.13,3674.0,128.0,57.40625,25.0,"[1.302, 3.918, 1.493, 1.0]"
BB3:BT-R-0.3B6+0.3J6,2,1.5,  2.20,5705.0,114.0,100.087719298,25.0,"[1.302, 3.918, 1.493, 1.0]"
BB3:BT-R-0.3B6+0.3J6,2,2,  2.46,10064.0,67.0,300.417910448,25.0,"[1.302, 3.918, 1.493, 1.0]"
BB3:BT-R-0.3B6+0.3J6,2.5,1.875,  2.25,4101.0,82.0,100.024390244,25.0,"[1.302, 3.918, 1.493, 1.0]"
BB3:BT-R-0.5B6+0.5J6,2,2,  2.21,9394.0,69.0,272.289855072,25.0,"[1.0, 3.009, 1.911, 1.28]"
BB3:BT-TN,1,0.5,  3.10,11756.0,399.0,58.9273182957,20.0,"[1.0, 3.311]"
BB3:BT-TN,1,0.75,  2.61,10795.0,267.0,80.861423221,20.0,"[1.0, 3.311]"
BB3:BT-TN,1.5,0.75,  2.65,8386.0,277.0,60.5487364621,20.0,"[1.0, 3.311]"
BB3:BT-TN,1.5,1.125,  2.94,10207.0,231.0,88.3722943723,20.0,"[1.0, 3.311]"
BB3:BT-TN,2,1.0,  2.58,6806.0,186.0,73.1827956989,20.0,"[1.0, 3.311]"
BB3:BT-TN,2,1.5,  2.36,6978.0,155.0,90.0387096774,20.0,"[1.0, 3.311]"
BB3:BT-TN,2.5,1.875,  2.67,6647.0,105.0,126.60952381,20.0,"[1.0, 3.311]"
BB3:BT-TS,1,0.5,  2.58,11784.0,259.0,90.9961389961,36.0,"[1.0, 4.587]"
BB3:BT-TS,1.5,0.75,  2.69,9962.0,216.0,92.2407407407,36.0,"[1.0, 4.587]"
BB3:BT-TS,1.5,1.125,  2.19,10053.0,149.0,134.939597315,36.0,"[1.0, 4.587]"
BB3:BT-TS,2,1.0,  2.53,7453.0,150.0,99.3733333333,36.0,"[1.0, 4.587]"
BB3:BT-TS-0.3A6+0.3J6,1,0.5,  2.28,10165.0,263.0,77.3003802281,35.0,"[1.302, 5.972, 1.448, 1.0]"
BB3:BT-TS-0.3J6+0.3A6,1.5,0.75,  2.76,11001.0,243.0,90.5432098765,35.0,"[1.302, 5.972, 1.0, 1.448]"
BB3:BT-TS-0.3J6+0.3A6,1.5,1.125,  2.75,12642.0,181.0,139.690607735,35.0,"[1.302, 5.972, 1.0, 1.448]"
BB3:BT-TS-0.3J6+0.3A6,2,1.0,  2.60,7841.0,151.0,103.854304636,35.0,"[1.302, 5.972, 1.0, 1.448]"
BB3:BT-US10Y+0.3J6,1,0.5,  2.49,9097.0,324.0,56.1543209877,25.0,"[2.419, 1.0, 1.858]"
BB3:BT-US10Y+0.3J6,1,0.75,  2.09,8665.0,209.0,82.9186602871,25.0,"[2.419, 1.0, 1.858]"
BB3:BT-US10Y+0.3J6,1.5,0.75,  2.29,7114.0,242.0,58.7933884298,25.0,"[2.419, 1.0, 1.858]"
BB3:BT-US10Y+0.3J6,1.5,1.125,  2.36,8238.0,179.0,92.0446927374,25.0,"[2.419, 1.0, 1.858]"
BB3:BT-US10Y+0.3J6,2,1.0,  2.17,5613.0,170.0,66.0352941176,25.0,"[2.419, 1.0, 1.858]"
BB3:BT-US10Y+0.3J6,2,1.5,  2.19,6437.0,140.0,91.9571428571,25.0,"[2.419, 1.0, 1.858]"
BB3:BT-US10Y+0.5J6,1,0.5,  2.89,10657.0,343.0,62.139941691,25.0,"[2.419, 1.0, 3.097]"
BB3:BT-US10Y+0.5J6,1,0.75,  2.23,9264.0,225.0,82.3466666667,25.0,"[2.419, 1.0, 3.097]"
BB3:BT-US7Y+0.3J6,1,0.5,  2.75,10489.0,342.0,61.3391812865,25.0,"[1.907, 1.0, 1.464]"
BB3:BT-US7Y+0.3J6,1,0.75,  2.15,9203.0,221.0,83.2850678733,25.0,"[1.907, 1.0, 1.464]"
BB3:BT-US7Y+0.3J6,1.5,0.75,  2.48,7933.0,244.0,65.0245901639,25.0,"[1.907, 1.0, 1.464]"
BB3:BT-US7Y+0.3J6,1.5,1.125,  2.20,8029.0,179.0,89.7094972067,25.0,"[1.907, 1.0, 1.464]"
BB3:BT-US7Y+0.3J6,2,1.0,  2.13,5654.0,164.0,68.9512195122,25.0,"[1.907, 1.0, 1.464]"
BB3:BT-US7Y+0.3J6,2,1.5,  2.04,6234.0,136.0,91.6764705882,25.0,"[1.907, 1.0, 1.464]"
BB3:BT-US7Y+0.5J6,1,0.5,  2.62,9987.0,336.0,59.4464285714,25.0,"[1.907, 1.0, 2.441]"
BB3:BT-US7Y+0.5J6,1.5,0.75,  2.10,6832.0,232.0,58.8965517241,25.0,"[1.907, 1.0, 2.441]"
BB3:BT-ZN,1,0.5,  2.66,10390.0,339.0,61.2979351032,25.0,"[1.0, 4.444]"
BB3:BT-ZN,1,0.75,  2.30,10101.0,219.0,92.2465753425,25.0,"[1.0, 4.444]"
BB3:BT-ZN,1.5,0.75,  2.29,7687.0,251.0,61.2509960159,25.0,"[1.0, 4.444]"
BB3:BT-ZN,1.5,1.125,  2.12,7886.0,189.0,83.4497354497,25.0,"[1.0, 4.444]"
BB3:BT-ZN+0.3J6,1,0.5,  3.13,11728.0,366.0,64.087431694,25.0,"[1.302, 5.787, 1.0]"
BB3:BT-ZN+0.3J6,1,0.75,  2.56,10869.0,227.0,95.7621145374,25.0,"[1.302, 5.787, 1.0]"
BB3:BT-ZN+0.3J6,1,1,  2.30,11259.0,163.0,138.147239264,25.0,"[1.302, 5.787, 1.0]"
BB3:BT-ZN+0.3J6,1.5,0.75,  2.64,8310.0,258.0,64.4186046512,25.0,"[1.302, 5.787, 1.0]"
BB3:BT-ZN+0.3J6,1.5,1.125,  2.40,8608.0,187.0,92.064171123,25.0,"[1.302, 5.787, 1.0]"
BB3:BT-ZN+0.3J6,2,1.0,  2.38,6192.0,176.0,70.3636363636,25.0,"[1.302, 5.787, 1.0]"
BB3:BT-ZN+0.3J6,2,1.5,  2.39,7146.0,146.0,97.8904109589,25.0,"[1.302, 5.787, 1.0]"
BB3:BT-ZN+0.3J6,2.5,1.875,  2.01,4835.0,90.0,107.444444444,25.0,"[1.302, 5.787, 1.0]"
BB3:BT-ZN+0.5J6,1,0.5,  2.78,10459.0,352.0,59.4261363636,25.0,"[1.0, 4.444, 1.28]"
BB3:BT-ZN+0.5J6,1.5,0.75,  2.15,6901.0,244.0,56.5655737705,25.0,"[1.0, 4.444, 1.28]"
BB3:BT-ZN+0.5J6,2,1.0,  2.06,5329.0,168.0,63.4404761905,25.0,"[1.0, 4.444, 1.28]"
BB3:CGB-GBL-0.6E6+0.15C6,1.5,0.75,  2.41,4141.0,364.0,22.7527472527,6.0,"[6.28, 4.505, 1.967, 1.0]"
BB3:CGB-GBL-0.6E6+0.15C6,2,1.0,  2.12,2971.0,240.0,24.7583333333,6.0,"[6.28, 4.505, 1.967, 1.0]"
BB3:CGB-GBL-0.6E6+0.15C6,2,1.5,  2.49,4143.0,206.0,40.2233009709,6.0,"[6.28, 4.505, 1.967, 1.0]"
BB3:CGB-GBL-0.75E6+0.3C6,1.5,0.75,  2.52,4456.0,370.0,24.0864864865,6.0,"[3.14, 2.252, 1.23, 1.0]"
BB3:CGB-GBL-0.75E6+0.3C6,1.5,1.125,  2.37,4683.0,291.0,32.1855670103,6.0,"[3.14, 2.252, 1.23, 1.0]"
BB3:CGB-GBL-0.75E6+0.3C6,2,1.0,  2.38,3438.0,252.0,27.2857142857,6.0,"[3.14, 2.252, 1.23, 1.0]"
BB3:CGB-GBL-0.75E6+0.3C6,2,1.5,  2.27,3976.0,214.0,37.1588785047,6.0,"[3.14, 2.252, 1.23, 1.0]"
BB3:CGB-GBL-E6+0.3C6,1.5,0.75,  2.81,5681.0,390.0,29.1333333333,6.0,"[3.14, 2.252, 1.639, 1.0]"
BB3:CGB-GBL-E6+0.3C6,1.5,1.125,  2.30,5222.0,297.0,35.164983165,6.0,"[3.14, 2.252, 1.639, 1.0]"
BB3:CGB-GBL-E6+0.3C6,2,1.0,  2.32,3838.0,256.0,29.984375,6.0,"[3.14, 2.252, 1.639, 1.0]"
BB3:CGB-GBL-E6+0.3C6,2,1.5,  2.49,4946.0,217.0,45.5852534562,6.0,"[3.14, 2.252, 1.639, 1.0]"
BB3:CGB-GBM-E6+C6,3,1.5,  2.24,2214.0,58.0,76.3448275862,12.0,"[1.915, 3.573, 1.0, 2.033]"
BB3:CGB-GBM-E6+C6,3.5,1.75,  2.02,1362.0,26.0,104.769230769,12.0,"[1.915, 3.573, 1.0, 2.033]"
BB3:CGB-OAT,3,1.5,  2.11,1695.0,86.0,39.4186046512,6.0,"[1.124, 1.0]"
BB3:CGB-OAT-0.5E6+0.5C6,3,1.5,  2.29,1402.0,52.0,53.9230769231,15.0,"[3.831, 3.407, 1.0, 2.033]"
BB3:CGB-R-0.75B6+0.3C6,2,1.0,  2.39,3494.0,216.0,32.3518518519,6.0,"[3.14, 2.044, 1.947, 1.0]"
BB3:CGB-R-0.75B6+0.3C6,2.5,1.25,  2.08,2161.0,124.0,34.8548387097,6.0,"[3.14, 2.044, 1.947, 1.0]"
BB3:CGB-TN,1,0.5,  2.01,4060.0,365.0,22.2465753425,15.0,"[1.396, 1.0]"
BB3:CGB-TN,1.5,0.75,  2.19,3586.0,274.0,26.1751824818,15.0,"[1.396, 1.0]"
BB3:CGB-TN,2,1.0,  2.13,2768.0,188.0,29.4468085106,15.0,"[1.396, 1.0]"
BB3:CGB-TN+0.3C6,1.5,0.75,  2.50,4121.0,393.0,20.9720101781,6.0,"[3.14, 2.249, 1.0]"
BB3:CGB-TN+0.3C6,2,1.0,  2.46,3302.0,258.0,25.5968992248,6.0,"[3.14, 2.249, 1.0]"
BB3:CGB-UB+0.3C6,2,1.0,  2.56,3513.0,250.0,28.104,6.0,"[3.152, 1.0, 1.004]"
BB3:CGB-US10Y+0.3C6,2,1.0,  2.16,3128.0,254.0,24.6299212598,6.0,"[11.183, 1.0, 3.561]"
BB3:CGB-US7Y+0.3C6,1,0.5,  2.09,4830.0,559.0,17.2808586762,6.0,"[8.814, 1.0, 2.807]"
BB3:CGB-US7Y+0.3C6,1.5,0.75,  2.34,4632.0,395.0,23.453164557,6.0,"[8.814, 1.0, 2.807]"
BB3:CGB-US7Y+0.5C6,3,1.5,  2.03,1914.0,72.0,53.1666666667,6.0,"[8.814, 1.0, 4.678]"
BB3:CGB-ZB,1.5,0.75,  2.56,4414.0,380.0,23.2315789474,6.0,"[2.306, 1.0]"
BB3:CGB-ZB,2,1.0,  2.06,2845.0,248.0,22.9435483871,6.0,"[2.306, 1.0]"
BB3:CGB-ZB+0.5C6,2.5,1.25,  2.15,2472.0,156.0,31.6923076923,6.0,"[2.306, 1.0, 1.224]"
BB3:CGB-ZN+0.3C6,1.5,0.75,  2.02,3625.0,371.0,19.5417789757,6.0,"[3.14, 3.019, 1.0]"
BB3:CGF-CGB,2.5,1.25,  6.93,21015.0,191.0,220.052356021,25.0,"[2.163, 1.0]"
BB3:CGF-CGB,2.5,1.875,  4.71,18074.0,133.0,271.789473684,25.0,"[2.163, 1.0]"
BB3:CGF-CGB,3,1.5,  6.41,18766.0,164.0,228.853658537,25.0,"[2.163, 1.0]"
BB3:CGF-CGB,3,2.25,  4.79,16805.0,129.0,260.542635659,25.0,"[2.163, 1.0]"
BB3:CGF-CGB,3.5,1.75,  6.08,17049.0,138.0,247.086956522,25.0,"[2.163, 1.0]"
BB3:CGF-CGB,3.5,2.625,  4.96,15511.0,118.0,262.898305085,25.0,"[2.163, 1.0]"
BB3:CGF-CGB,4,2.0,  6.10,16016.0,118.0,271.457627119,25.0,"[2.163, 1.0]"
BB3:CGF-CGB,4,3.0,  5.38,15417.0,112.0,275.303571429,25.0,"[2.163, 1.0]"
BB3:CGF-CGB+0.5C6,3,1.5,  4.82,13279.0,128.0,207.484375,20.0,"[4.076, 1.884, 1.0]"
BB3:CGF-CGB+0.5C6,3.5,1.75,  4.21,9949.0,78.0,255.102564103,20.0,"[4.076, 1.884, 1.0]"
BB3:CGF-CGB+0.5C6,3.5,2.625,  3.31,9180.0,70.0,262.285714286,20.0,"[4.076, 1.884, 1.0]"
BB3:CGF-CGB+0.5C6,4,2.0,  3.94,8725.0,58.0,300.862068966,20.0,"[4.076, 1.884, 1.0]"
BB3:CGF-CGB+0.5C6,4,3.0,  3.28,8221.0,52.0,316.192307692,20.0,"[4.076, 1.884, 1.0]"
BB3:GBL-R-0.5B6+0.5E6,2.5,2.5,  2.10,4512.0,45.0,200.533333333,15.0,"[2.748, 2.494, 1.584, 1.0]"
BB3:GBL-R-0.67B6+0.67E6,2.5,2.5,  2.41,5558.0,49.0,226.857142857,15.0,"[2.051, 1.861, 1.584, 1.0]"
BB3:GBL-R-0.75B6+0.75E6,1.5,0.75,  2.04,3300.0,251.0,26.2948207171,15.0,"[1.832, 1.662, 1.584, 1.0]"
BB3:GBL-R-0.75B6+0.75E6,2.5,1.25,  2.10,1589.0,80.0,39.725,15.0,"[1.832, 1.662, 1.584, 1.0]"
BB3:GBL-R-B6+E6,2.5,1.25,  2.58,2343.0,90.0,52.0666666667,15.0,"[1.374, 1.247, 1.584, 1.0]"
BB3:GBL-TN+0.3E6,1,0.5,  2.34,4914.0,390.0,25.2,15.0,"[4.579, 4.573, 1.0]"
BB3:GBL-TN+0.3E6,2,1.0,  2.49,3270.0,182.0,35.9340659341,15.0,"[4.579, 4.573, 1.0]"
BB3:GBL-TN+E6,2,1.0,  2.14,3730.0,198.0,37.6767676768,15.0,"[1.374, 1.372, 1.0]"
BB3:GBL-TN+E6,2,1.5,  2.22,4625.0,170.0,54.4117647059,15.0,"[1.374, 1.372, 1.0]"
BB3:GBL-TN+E6,2.5,1.25,  2.04,2519.0,104.0,48.4423076923,15.0,"[1.374, 1.372, 1.0]"
BB3:GBL-TN+E6,3,1.5,  2.55,2214.0,60.0,73.8,15.0,"[1.374, 1.372, 1.0]"
BB3:GBL-UB+E6,1,0.5,  2.12,5822.0,433.0,26.8914549654,15.0,"[2.261, 1.0, 1.645]"
BB3:GBL-UB+E6,1.5,0.75,  2.54,5701.0,309.0,36.8996763754,15.0,"[2.261, 1.0, 1.645]"
BB3:GBL-UB+E6,1.5,1.125,  2.01,5099.0,245.0,41.6244897959,15.0,"[2.261, 1.0, 1.645]"
BB3:GBL-UB+E6,2,1.0,  2.09,3514.0,186.0,37.7849462366,15.0,"[2.261, 1.0, 1.645]"
BB3:GBL-UB+E6,2,1.5,  2.53,5169.0,169.0,61.1715976331,15.0,"[2.261, 1.0, 1.645]"
BB3:GBL-US10Y+0.3E6,2,1.0,  2.28,3192.0,174.0,36.6896551724,15.0,"[8.022, 1.0, 1.752]"
BB3:GBL-US10Y+0.3E6,2.5,1.25,  2.19,2252.0,102.0,44.1568627451,15.0,"[8.022, 1.0, 1.752]"
BB3:GBL-US10Y+0.3E6,2.5,1.875,  2.41,3052.0,98.0,62.2857142857,15.0,"[8.022, 1.0, 1.752]"
BB3:GBL-US10Y+0.5E6,1.5,0.75,  2.12,4062.0,270.0,30.0888888889,15.0,"[8.022, 1.0, 2.919]"
BB3:GBL-US10Y+0.5E6,2,1.0,  2.81,4050.0,188.0,43.085106383,15.0,"[8.022, 1.0, 2.919]"
BB3:GBL-US10Y+0.5E6,2.5,1.25,  2.36,2350.0,96.0,48.9583333333,15.0,"[8.022, 1.0, 2.919]"
BB3:GBL-US7Y+0.3E6,1,0.5,  2.02,4841.0,374.0,25.8877005348,15.0,"[6.322, 1.0, 1.381]"
BB3:GBL-US7Y+0.3E6,2.5,1.25,  2.08,2256.0,102.0,44.2352941176,15.0,"[6.322, 1.0, 1.381]"
BB3:GBL-US7Y+0.3E6,2.5,1.875,  2.14,3004.0,96.0,62.5833333333,15.0,"[6.322, 1.0, 1.381]"
BB3:GBL-US7Y+0.5E6,1.5,0.75,  2.29,4733.0,288.0,32.8680555556,15.0,"[6.322, 1.0, 2.301]"
BB3:GBL-US7Y+0.5E6,2,1.0,  2.32,3834.0,200.0,38.34,15.0,"[6.322, 1.0, 2.301]"
BB3:GBL-US7Y+0.5E6,2.5,1.25,  2.15,2460.0,106.0,46.4150943396,15.0,"[6.322, 1.0, 2.301]"
BB3:GBL-ZB+0.5E6,1.5,0.75,  2.02,3947.0,352.0,22.4261363636,6.0,"[2.748, 1.661, 1.0]"
BB3:GBL-ZB+0.5E6,2,1.0,  2.41,3543.0,224.0,31.6339285714,6.0,"[2.748, 1.661, 1.0]"
BB3:GBL-ZB+0.5E6,2.5,1.25,  2.17,2170.0,118.0,36.7796610169,6.0,"[2.748, 1.661, 1.0]"
BB3:GBL-ZB+0.7E6,1,0.5,  2.18,5414.0,531.0,20.3917137476,6.0,"[1.963, 1.187, 1.0]"
BB3:GBL-ZB+0.7E6,1.5,0.75,  2.94,6118.0,387.0,31.6175710594,6.0,"[1.963, 1.187, 1.0]"
BB3:GBL-ZB+0.7E6,2,1.0,  2.71,4210.0,236.0,35.6779661017,6.0,"[1.963, 1.187, 1.0]"
BB3:GBL-ZB+0.7E6,2,1.5,  2.62,4935.0,195.0,50.6153846154,6.0,"[1.963, 1.187, 1.0]"
BB3:GBL-ZB+E6,1,0.5,  2.33,6616.0,571.0,23.173380035,6.0,"[1.654, 1.0, 1.204]"
BB3:GBL-ZB+E6,1.5,0.75,  2.70,6390.0,401.0,31.8703241895,6.0,"[1.654, 1.0, 1.204]"
BB3:GBL-ZB+E6,1.5,1.125,  2.25,5933.0,291.0,40.7766323024,6.0,"[1.654, 1.0, 1.204]"
BB3:GBL-ZB+E6,2,1.0,  2.21,3974.0,228.0,34.8596491228,6.0,"[1.654, 1.0, 1.204]"
BB3:GBL-ZB+E6,2,1.5,  2.92,6165.0,197.0,62.5888324873,6.0,"[1.654, 1.0, 1.204]"
BB3:GBL-ZN+0.3E6,2,1.0,  2.02,2927.0,182.0,32.1648351648,15.0,"[4.579, 6.139, 1.0]"
BB3:GBL-ZN+0.3E6-0.3ES,1,0.5,  2.49,5565.0,566.0,19.6643109541,6.0,"[13.663, 18.315, 2.984, 1.0]"
BB3:GBL-ZN+0.5E6,1.5,0.75,  2.19,4204.0,288.0,29.1944444444,15.0,"[2.748, 3.683, 1.0]"
BB3:GBL-ZN+0.5E6,2,1.0,  2.10,3081.0,182.0,33.8571428571,15.0,"[2.748, 3.683, 1.0]"
BB3:GBL-ZN+0.75E6,1,0.5,  3.54,8845.0,646.0,27.3839009288,6.0,"[1.832, 2.455, 1.0]"
BB3:GBL-ZN+0.75E6,1,0.75,  2.38,6407.0,464.0,27.6163793103,6.0,"[1.832, 2.455, 1.0]"
BB3:GBL-ZN+0.75E6,1.5,0.75,  2.11,4388.0,362.0,24.2430939227,6.0,"[1.832, 2.455, 1.0]"
BB3:GBL-ZN+0.75E6,2,1.0,  2.02,3325.0,226.0,29.4247787611,6.0,"[1.832, 2.455, 1.0]"
BB3:GBL-ZN+0.75E6,3,1.5,  2.22,1855.0,76.0,48.8157894737,6.0,"[1.832, 2.455, 1.0]"
BB3:GBL-ZN+E6,1,0.5,  2.51,7110.0,606.0,23.4653465347,6.0,"[1.374, 1.842, 1.0]"
BB3:GBL-ZN+E6,1.5,1.125,  2.03,5302.0,290.0,36.5655172414,6.0,"[1.374, 1.842, 1.0]"
BB3:GBL-ZN+E6,2,1.0,  2.32,4290.0,244.0,35.1639344262,6.0,"[1.374, 1.842, 1.0]"
BB3:GBL-ZN+E6,2,1.5,  2.36,5156.0,204.0,50.5490196078,6.0,"[1.374, 1.842, 1.0]"
BB3:GBL-ZN+E6,3,1.5,  2.33,2216.0,76.0,58.3157894737,6.0,"[1.374, 1.842, 1.0]"
BB3:GBL-ZN-GBX+ZB,1,0.5,  3.28,7368.0,675.0,21.8311111111,6.0,"[2.462, 3.3, 1.0, 1.488]"
BB3:GBL-ZN-GBX+ZB,1,1,  2.05,5938.0,235.0,50.5361702128,6.0,"[2.462, 3.3, 1.0, 1.488]"
BB3:GBL-ZN-GBX+ZB,1.5,0.75,  3.30,6065.0,439.0,27.6309794989,6.0,"[2.462, 3.3, 1.0, 1.488]"
BB3:GBL-ZN-GBX+ZB,1.5,1.125,  2.26,4763.0,321.0,29.6760124611,6.0,"[2.462, 3.3, 1.0, 1.488]"
BB3:GBM-ZN+0.5E6,1.5,0.75,  2.11,4841.0,282.0,34.3333333333,16.0,"[7.145, 3.683, 1.0]"
BB3:GBS-ZT+E6,2.5,1.25,  2.61,5615.0,128.0,87.734375,23.0,"[16.206, 3.687, 1.0]"
BB3:GBS-ZT+E6,3,1.5,  2.31,3121.0,58.0,107.620689655,23.0,"[16.206, 3.687, 1.0]"
BB3:GBX-R,3,1.5,  2.26,1128.0,44.0,51.2727272727,11.0,"[1.0, 2.234]"
BB3:GBX-TN+0.3E6,2,1.0,  2.02,2702.0,198.0,27.2929292929,11.0,"[1.86, 4.573, 1.0]"
BB3:GBX-TN+0.3E6,4,2.0,  2.07,673.0,20.0,67.3,11.0,"[1.86, 4.573, 1.0]"
BB3:GBX-TN+E6,1,0.5,  2.38,6427.0,498.0,25.8112449799,11.0,"[1.0, 2.459, 1.792]"
BB3:GBX-TN+E6,1,0.75,  2.34,6670.0,390.0,34.2051282051,11.0,"[1.0, 2.459, 1.792]"
BB3:GBX-TN+E6,1.5,0.75,  2.73,6207.0,348.0,35.6724137931,11.0,"[1.0, 2.459, 1.792]"
BB3:GBX-TN+E6,1.5,1.125,  2.21,5559.0,264.0,42.1136363636,11.0,"[1.0, 2.459, 1.792]"
BB3:GBX-TN+E6,2,1.0,  2.41,4408.0,226.0,39.0088495575,11.0,"[1.0, 2.459, 1.792]"
BB3:GBX-TN+E6,2,1.5,  2.19,4732.0,188.0,50.3404255319,11.0,"[1.0, 2.459, 1.792]"
BB3:GBX-TN+E6,2.5,1.25,  3.09,3786.0,120.0,63.1,11.0,"[1.0, 2.459, 1.792]"
BB3:GBX-TN+E6,3,1.5,  3.54,2847.0,62.0,91.8387096774,11.0,"[1.0, 2.459, 1.792]"
BB3:GBX-TN+E6,3,2.25,  2.51,2941.0,60.0,98.0333333333,11.0,"[1.0, 2.459, 1.792]"
BB3:GBX-TN+E6,3.5,1.75,  3.12,1609.0,30.0,107.266666667,11.0,"[1.0, 2.459, 1.792]"
BB3:GBX-TN+E6,3.5,2.625,  2.06,1564.0,28.0,111.714285714,11.0,"[1.0, 2.459, 1.792]"
BB3:GBX-ZB+0.5E6,2,1.0,  2.47,3465.0,196.0,35.3571428571,11.0,"[1.116, 1.661, 1.0]"
BB3:GBX-ZB+0.75E6,1,0.5,  2.44,6054.0,479.0,25.2776617954,11.0,"[1.0, 1.488, 1.344]"
BB3:GBX-ZB+0.75E6,1,0.75,  2.13,5599.0,371.0,30.1832884097,11.0,"[1.0, 1.488, 1.344]"
BB3:GBX-ZB+0.75E6,1,1,  2.17,6899.0,199.0,69.3366834171,11.0,"[1.0, 1.488, 1.344]"
BB3:GBX-ZB+0.75E6,1.5,0.75,  2.76,5724.0,337.0,33.9703264095,11.0,"[1.0, 1.488, 1.344]"
BB3:GBX-ZB+0.75E6,1.5,1.125,  2.05,4807.0,265.0,36.279245283,11.0,"[1.0, 1.488, 1.344]"
BB3:GBX-ZB+0.75E6,2,1.0,  2.49,3833.0,204.0,37.5784313725,11.0,"[1.0, 1.488, 1.344]"
BB3:GBX-ZB+0.75E6,2.5,1.25,  2.25,2475.0,112.0,44.1964285714,11.0,"[1.0, 1.488, 1.344]"
BB3:GBX-ZB+E6,1,0.5,  2.89,8082.0,525.0,30.7885714286,11.0,"[1.0, 1.488, 1.792]"
BB3:GBX-ZB+E6,1,0.75,  2.54,7503.0,405.0,37.0518518519,11.0,"[1.0, 1.488, 1.792]"
BB3:GBX-ZB+E6,1,1,  2.35,8373.0,207.0,80.8985507246,11.0,"[1.0, 1.488, 1.792]"
BB3:GBX-ZB+E6,1.5,0.75,  2.73,6334.0,347.0,36.507204611,11.0,"[1.0, 1.488, 1.792]"
BB3:GBX-ZB+E6,1.5,1.125,  2.22,5696.0,263.0,43.3155893536,11.0,"[1.0, 1.488, 1.792]"
BB3:GBX-ZB+E6,2,1.0,  2.24,3970.0,212.0,37.4528301887,11.0,"[1.0, 1.488, 1.792]"
BB3:GBX-ZB+E6,2.5,1.25,  2.05,2674.0,122.0,43.8360655738,11.0,"[1.0, 1.488, 1.792]"
BB3:GBX-ZN+0.3E6,1.5,0.75,  2.08,3904.0,319.0,24.4764890282,11.0,"[1.86, 6.139, 1.0]"
BB3:GBX-ZN+E6,1,0.5,  2.08,5910.0,489.0,24.1717791411,11.0,"[1.0, 3.3, 1.792]"
BB3:GBX-ZN+E6,1.5,0.75,  2.24,5424.0,348.0,31.1724137931,11.0,"[1.0, 3.3, 1.792]"
BB3:GBX-ZN+E6,1.5,1.125,  2.09,5549.0,284.0,39.0774647887,11.0,"[1.0, 3.3, 1.792]"
BB3:GBX-ZN+E6,2.5,1.25,  2.74,3635.0,134.0,54.2537313433,11.0,"[1.0, 3.3, 1.792]"
BB3:GBX-ZN+E6,3,1.5,  2.89,2659.0,70.0,75.9714285714,11.0,"[1.0, 3.3, 1.792]"
BB3:GBX-ZN+E6,3.5,1.75,  2.66,1403.0,26.0,107.923076923,11.0,"[1.0, 3.3, 1.792]"
BB3:OAT-TN,4,2.0,  2.12,754.0,20.0,75.4,15.0,"[1.242, 1.0]"
BB3:OAT-TN,4,3.0,  2.04,1075.0,20.0,107.5,15.0,"[1.242, 1.0]"
BB3:OAT-TN+0.3E6,3.5,1.75,  2.26,1025.0,30.0,68.3333333333,15.0,"[5.678, 4.573, 1.0]"
BB3:OAT-TN+0.3E6,4,3.0,  2.20,922.0,14.0,131.714285714,15.0,"[5.678, 4.573, 1.0]"
BB3:OAT-ZN+0.5E6,3.5,1.75,  2.11,942.0,24.0,78.5,15.0,"[3.407, 3.683, 1.0]"
BB3:R-CGB+0.3B6,1.5,0.75,  2.14,3637.0,336.0,21.6488095238,6.0,"[2.624, 4.031, 1.0]"
BB3:TS-CGB-0.5C6+0.5A6,2,1.0,  2.24,4382.0,154.0,56.9090909091,26.0,"[2.475, 2.494, 1.324, 1.0]"
BB3:TS-GBL,2,1.0,  2.25,4824.0,162.0,59.5555555556,26.0,"[1.383, 1.0]"
BB3:TS-GBL-0.3E6+0.3A6,1.5,0.75,  2.40,6425.0,218.0,58.9449541284,26.0,"[6.335, 4.579, 1.0, 1.536]"
BB3:TS-GBL-0.3E6+0.3A6,2,1.0,  2.65,5451.0,152.0,71.7236842105,26.0,"[6.335, 4.579, 1.0, 1.536]"
BB3:TS-GBL-0.5E6+0.5A6,1.5,0.75,  2.46,6516.0,223.0,58.4394618834,26.0,"[3.801, 2.748, 1.0, 1.536]"
BB3:TS-GBL-0.5E6+0.5A6,2,1.0,  2.70,5498.0,158.0,69.5949367089,26.0,"[3.801, 2.748, 1.0, 1.536]"
BB3:TS-GBL-0.5E6+0.5A6,2.5,1.25,  2.29,3596.0,100.0,71.92,26.0,"[3.801, 2.748, 1.0, 1.536]"
BB3:TS-GBL-0.5E6+0.5A6,2.5,1.875,  2.09,4315.0,91.0,94.8351648352,26.0,"[3.801, 2.748, 1.0, 1.536]"
BB3:TS-GBL-0.75E6+0.3A6,1.5,0.75,  2.41,6631.0,240.0,55.2583333333,26.0,"[4.125, 2.982, 1.628, 1.0]"
BB3:TS-GBL-0.75E6+0.3A6,1.5,1.125,  2.01,6777.0,169.0,80.201183432,26.0,"[4.125, 2.982, 1.628, 1.0]"
BB3:TS-GBL-0.75E6+0.3A6,2,1.0,  2.22,4836.0,164.0,58.9756097561,26.0,"[4.125, 2.982, 1.628, 1.0]"
BB3:TS-GBL-0.75E6+0.3A6,2,1.5,  2.11,5741.0,141.0,81.4326241135,26.0,"[4.125, 2.982, 1.628, 1.0]"
BB3:TS-GBL-0.75E6+0.3A6,2.5,1.25,  2.39,4092.0,116.0,70.5517241379,26.0,"[4.125, 2.982, 1.628, 1.0]"
BB3:TS-GBL-0.75E6+0.3A6,2.5,1.875,  2.53,5360.0,111.0,96.5765765766,26.0,"[4.125, 2.982, 1.628, 1.0]"
BB3:TS-GBL-0.75E6+0.3A6,3,1.5,  2.16,2593.0,62.0,83.6451612903,26.0,"[4.125, 2.982, 1.628, 1.0]"
BB3:TS-GBL-0.75E6+0.3A6,3,2.25,  2.23,3432.0,60.0,114.4,26.0,"[4.125, 2.982, 1.628, 1.0]"
BB3:TS-GBX-0.3E6+0.3A6,1.5,0.75,  2.28,5842.0,222.0,52.6306306306,26.0,"[6.335, 1.86, 1.0, 1.536]"
BB3:TS-OAT-0.3E6+0.3A6,1,0.5,  2.13,6656.0,248.0,53.6774193548,26.0,"[6.335, 5.678, 1.0, 1.536]"
BB3:TS-OAT-0.3E6+0.3A6,1.5,0.75,  2.38,5892.0,202.0,58.3366336634,26.0,"[6.335, 5.678, 1.0, 1.536]"
BB3:TS-OAT-0.3E6+0.3A6,2,1.0,  2.87,5468.0,152.0,71.9473684211,26.0,"[6.335, 5.678, 1.0, 1.536]"
BB3:TS-OAT-0.3E6+0.3A6,2,1.5,  2.25,5789.0,128.0,90.453125,26.0,"[6.335, 5.678, 1.0, 1.536]"
BB3:TS-OAT-0.3E6+0.3A6,2.5,1.25,  2.01,2457.0,66.0,74.4545454545,26.0,"[6.335, 5.678, 1.0, 1.536]"
BB3:TS-R-0.5B6+0.5A6,1.5,0.75,  2.43,6052.0,204.0,59.3333333333,26.0,"[2.475, 1.624, 1.031, 1.0]"
BB3:YS-GBL,1,0.5,  2.19,8338.0,208.0,80.1730769231,41.0,"[5.771, 1.0]"
BB3:YS-GBM-0.5E6+0.5A6,1,0.5,  2.15,8736.0,211.0,82.8056872038,41.0,"[15.856, 7.145, 1.0, 1.536]"
BB3:YS-GBM-0.5E6+0.5A6,1.5,0.75,  2.30,7030.0,186.0,75.5913978495,41.0,"[15.856, 7.145, 1.0, 1.536]"
BB3:YS-GBS-0.5E6+0.5A6,1,0.5,  2.38,10953.0,245.0,89.412244898,41.0,"[15.856, 32.413, 1.0, 1.536]"
BB3:YS-GBS-0.5E6+0.5A6,1.5,0.75,  2.20,8269.0,197.0,83.9492385787,41.0,"[15.856, 32.413, 1.0, 1.536]"
BB3:ZB-GBL-0.5E6,1.5,0.75,  2.09,4093.0,315.0,25.9873015873,11.0,"[1.661, 2.748, 1.0]"
BB3:ZB-GBL-0.5E6,2,1.0,  2.21,3143.0,188.0,33.4361702128,11.0,"[1.661, 2.748, 1.0]"
BB3:ZB-GBX-0.5E6,2,1.0,  2.40,3372.0,194.0,34.7628865979,11.0,"[1.661, 1.116, 1.0]"
BB3:ZF-R,2,2,  2.02,5046.0,57.0,177.052631579,13.0,"[2.26, 1.0]"
BB3:ZN-GBL-0.3E6,1,0.5,  2.04,4606.0,434.0,21.2258064516,11.0,"[6.139, 4.579, 1.0]"
BB3:ZN-GBL-0.3E6,2,1.0,  2.07,3039.0,204.0,29.7941176471,11.0,"[6.139, 4.579, 1.0]"
BB3:ZN-GBL-0.3E6,2.5,1.25,  2.26,2331.0,116.0,40.1896551724,11.0,"[6.139, 4.579, 1.0]"
BB3:ZN-GBL-0.3E6,2.5,1.875,  2.12,2890.0,108.0,53.5185185185,11.0,"[6.139, 4.579, 1.0]"
BB3:ZN-GBL-0.5E6,1,0.5,  2.11,4911.0,444.0,22.1216216216,11.0,"[3.683, 2.748, 1.0]"
BB3:ZN-GBL-0.5E6,1.5,0.75,  2.36,4514.0,324.0,27.8641975309,11.0,"[3.683, 2.748, 1.0]"
BB3:ZN-GBL-0.5E6,2,1.0,  2.21,3302.0,206.0,32.0582524272,11.0,"[3.683, 2.748, 1.0]"
BB3:ZN-GBL-0.5E6,2.5,1.25,  2.23,2432.0,124.0,39.2258064516,11.0,"[3.683, 2.748, 1.0]"
BB3:ZN-GBL-E6,1,0.5,  2.21,6242.0,506.0,24.6719367589,11.0,"[1.842, 1.374, 1.0]"
BB3:ZN-GBL-E6,1.5,0.75,  2.18,5187.0,338.0,30.6923076923,11.0,"[1.842, 1.374, 1.0]"
BB3:ZN-GBL-E6,1.5,1.125,  2.09,5498.0,272.0,40.4264705882,11.0,"[1.842, 1.374, 1.0]"
BB3:ZN-GBL-E6,2,1.0,  2.12,3942.0,222.0,35.5135135135,11.0,"[1.842, 1.374, 1.0]"
BB3:ZN-GBL-E6,2,1.5,  2.26,4963.0,188.0,52.7978723404,11.0,"[1.842, 1.374, 1.0]"
BB3:ZN-GBL-E6,3,1.5,  2.23,2083.0,70.0,59.5142857143,11.0,"[1.842, 1.374, 1.0]"
