BB3:2.0GC-HG-E6,3.5,1.75,  2.44,2441.0,44.0,110.954545455,15.0,"[2.438, 1.0, 1.387]"
BB3:2.0R-ZN-GBL,2,1.0,  2.29,4807.0,164.0,58.6219512195,20.0,"[1.513, 1.475, 1.0]"
BB3:2.0R-ZN-GBL,2.5,1.25,  2.30,3414.0,100.0,68.28,20.0,"[1.513, 1.475, 1.0]"
BB3:2.0R-ZN-GBL,3,1.5,  2.68,2876.0,60.0,95.8666666667,20.0,"[1.513, 1.475, 1.0]"
BB3:2.0R-ZN-GBL,3,2.25,  2.49,3544.0,52.0,136.307692308,20.0,"[1.513, 1.475, 1.0]"
BB3:2.0R-ZN-GBL,4,3.0,  2.10,1274.0,16.0,159.25,20.0,"[1.513, 1.475, 1.0]"
BB3:2.0YAP-X-CL,3,3,  2.11,12161.0,21.0,1158.19047619,15.0,"[3.074, 1.669, 1.0]"
BB3:A6-C6,4,3.0,  2.01,1207.0,30.0,80.4666666667,6.0,"[1.0, 1.276]"
BB3:A6-ESX,1,0.5,  2.04,5494.0,443.0,24.8036117381,10.0,"[1.089, 1.0]"
BB3:A6-ESX,1,0.75,  2.47,6977.0,369.0,37.8157181572,10.0,"[1.089, 1.0]"
BB3:A6-ESX,1.5,0.75,  2.09,4656.0,316.0,29.4683544304,10.0,"[1.089, 1.0]"
BB3:A6-ESX,1.5,1.125,  2.17,5436.0,253.0,42.9723320158,10.0,"[1.089, 1.0]"
BB3:A6-ESX,2,1.0,  2.02,3702.0,208.0,35.5961538462,10.0,"[1.089, 1.0]"
BB3:B6+R,1,0.5,  3.18,7547.0,479.0,31.5114822547,6.0,"[1.209, 1.0]"
BB3:B6+R,1,0.75,  2.53,6389.0,347.0,36.8242074928,6.0,"[1.209, 1.0]"
BB3:B6+R,1,1,  2.12,6625.0,173.0,76.5895953757,6.0,"[1.209, 1.0]"
BB3:B6+R,1.5,0.75,  3.18,6248.0,345.0,36.2202898551,6.0,"[1.209, 1.0]"
BB3:B6+R,1.5,1.125,  2.79,6127.0,251.0,48.8207171315,6.0,"[1.209, 1.0]"
BB3:B6+R,2,1.0,  2.59,3899.0,204.0,38.2254901961,6.0,"[1.209, 1.0]"
BB3:B6+R,2,1.5,  2.33,4196.0,162.0,51.8024691358,6.0,"[1.209, 1.0]"
BB3:B6+R,2.5,1.875,  2.01,2934.0,100.0,58.68,6.0,"[1.209, 1.0]"
BB3:B6+R,3,1.5,  3.52,2456.0,60.0,81.8666666667,6.0,"[1.209, 1.0]"
BB3:B6+R,3,2.25,  3.78,3645.0,60.0,121.5,6.0,"[1.209, 1.0]"
BB3:B6+R,3.5,1.75,  2.45,1325.0,30.0,88.3333333333,6.0,"[1.209, 1.0]"
BB3:B6+R,3.5,2.625,  2.66,1920.0,30.0,128.0,6.0,"[1.209, 1.0]"
BB3:B6+R,4,3.0,  2.10,1046.0,16.0,130.75,6.0,"[1.209, 1.0]"
BB3:BT-CGB,1,0.5,  2.20,6833.0,260.0,52.5615384615,25.0,"[1.0, 4.144]"
BB3:BT-CGB,1.5,1.125,  2.05,6230.0,166.0,75.0602409639,25.0,"[1.0, 4.144]"
BB3:BT-GBL-0.5ESX+0.5NKD,2,1.5,  2.37,6839.0,138.0,99.115942029,25.0,"[2.407, 8.37, 3.963, 1.0]"
BB3:BT-TN,1,0.5,  2.80,10802.0,421.0,51.3159144893,20.0,"[1.0, 3.59]"
BB3:BT-TN,1,0.75,  2.39,10123.0,277.0,73.0902527076,20.0,"[1.0, 3.59]"
BB3:BT-TN,1.5,0.75,  2.10,6961.0,296.0,47.0337837838,20.0,"[1.0, 3.59]"
BB3:BT-TN,1.5,1.125,  2.32,8429.0,242.0,69.6611570248,20.0,"[1.0, 3.59]"
BB3:BT-TS-0.3J6+0.3A6,1.5,0.75,  2.10,8667.0,252.0,68.7857142857,35.0,"[1.05, 6.225, 1.0, 1.129]"
BB3:BT-TS-0.3J6+0.3A6,1.5,1.125,  2.09,9904.0,184.0,107.652173913,35.0,"[1.05, 6.225, 1.0, 1.129]"
BB3:BT-TS-0.3J6+0.3A6,2,1.0,  2.05,6556.0,162.0,80.9382716049,35.0,"[1.05, 6.225, 1.0, 1.129]"
BB3:BT-TS,1,0.5,  2.02,9512.0,264.0,72.0606060606,36.0,"[1.0, 5.928]"
BB3:BT-TS,2,1.0,  2.03,6378.0,160.0,79.725,36.0,"[1.0, 5.928]"
BB3:BT-US10Y+0.3J6,1,0.5,  2.01,7655.0,338.0,45.2958579882,25.0,"[2.191, 1.0, 2.087]"
BB3:BT-US10Y+0.5J6,1,0.5,  2.22,8487.0,338.0,50.2189349112,25.0,"[2.191, 1.0, 3.478]"
BB3:BT-US7Y+0.3J6,1,0.5,  2.32,9122.0,353.0,51.6827195467,25.0,"[1.653, 1.0, 1.574]"
BB3:BT-ZN+0.3J6,1,0.5,  2.66,10340.0,375.0,55.1466666667,25.0,"[1.05, 5.385, 1.0]"
BB3:BT-ZN+0.3J6,1,0.75,  2.04,8940.0,229.0,78.0786026201,25.0,"[1.05, 5.385, 1.0]"
BB3:BT-ZN+0.3J6,1.5,0.75,  2.01,6674.0,270.0,49.437037037,25.0,"[1.05, 5.385, 1.0]"
BB3:BT-ZN+0.3J6,2,1.5,  2.10,6814.0,160.0,85.175,25.0,"[1.05, 5.385, 1.0]"
BB3:BT-ZN+0.5J6,1,0.5,  2.01,7867.0,346.0,45.4739884393,25.0,"[1.0, 5.128, 1.587]"
BB3:BT-ZN,1,0.5,  2.50,9937.0,357.0,55.6694677871,25.0,"[1.0, 5.128]"
BB3:BT-ZN,1,0.75,  2.04,9113.0,225.0,81.0044444444,25.0,"[1.0, 5.128]"
BB3:BTP-E6,2,1.0,  2.78,4678.0,194.0,48.2268041237,5.0,"[1.0, 1.465]"
BB3:BTP-E6,2.5,1.25,  3.22,3860.0,124.0,62.2580645161,5.0,"[1.0, 1.465]"
BB3:BTP-E6,2.5,1.875,  2.37,3880.0,112.0,69.2857142857,5.0,"[1.0, 1.465]"
BB3:BTP-E6,3,1.5,  3.06,2588.0,68.0,76.1176470588,5.0,"[1.0, 1.465]"
BB3:BTP-E6,3,2.25,  2.94,3442.0,66.0,104.303030303,5.0,"[1.0, 1.465]"
BB3:BTP-E6,3.5,1.75,  2.04,1175.0,32.0,73.4375,5.0,"[1.0, 1.465]"
BB3:BTP-E6,3.5,2.625,  2.14,1743.0,32.0,108.9375,5.0,"[1.0, 1.465]"
BB3:BTP-GBL-0.5DF,4,3.0,  2.24,1574.0,14.0,224.857142857,10.0,"[8.657, 19.371, 1.0]"
BB3:BTP-GBL-0.5ES,4,3.0,  2.47,2217.0,24.0,184.75,10.0,"[4.591, 10.273, 1.0]"
BB3:BTP-GBL-0.5ESX,4,2.0,  2.29,1406.0,20.0,140.6,10.0,"[1.0, 2.238, 1.059]"
BB3:BTP-GBL-0.5ESX,4,3.0,  2.22,1902.0,20.0,190.2,10.0,"[1.0, 2.238, 1.059]"
BB3:BTP-GBL-2.0E6,2,1.0,  2.32,7071.0,194.0,72.8969072165,10.0,"[1.0, 2.238, 2.931]"
BB3:BTP-GBL-2.0E6,2,1.5,  2.11,7648.0,164.0,93.2682926829,10.0,"[1.0, 2.238, 2.931]"
BB3:BTP-GBL-2.0E6,2.5,1.25,  2.41,5302.0,120.0,88.3666666667,10.0,"[1.0, 2.238, 2.931]"
BB3:BTP-GBL-2.0E6,2.5,1.875,  2.22,6213.0,106.0,117.226415094,10.0,"[1.0, 2.238, 2.931]"
BB3:BTP-GBL-2.0E6,3,2.25,  2.04,3914.0,60.0,130.466666667,10.0,"[1.0, 2.238, 2.931]"
BB3:BTP-GBL-2.0E6,3.5,2.625,  2.36,3498.0,40.0,174.9,10.0,"[1.0, 2.238, 2.931]"
BB3:BTP-GBL-2.0SPMIB,1,1,  2.39,10108.0,205.0,98.6146341463,10.0,"[1.0, 2.238, 1.116]"
BB3:BTP-OAT,3,1.5,  2.03,2373.0,72.0,65.9166666667,10.0,"[1.0, 2.591]"
BB3:BTP-OAT,3,2.25,  2.17,3514.0,68.0,103.352941176,10.0,"[1.0, 2.591]"
BB3:BTP-OAT,3.5,1.75,  2.23,1770.0,36.0,98.3333333333,10.0,"[1.0, 2.591]"
BB3:BTP-OAT,3.5,2.625,  2.57,2607.0,34.0,153.352941176,10.0,"[1.0, 2.591]"
BB3:C6-E6,2.5,2.5,  2.61,7456.0,59.0,252.745762712,10.0,"[2.009, 1.0]"
BB3:C6-E6,3,3,  2.85,8112.0,43.0,377.302325581,10.0,"[2.009, 1.0]"
BB3:C6-E6,3.5,3.5,  2.18,6209.0,15.0,827.866666667,10.0,"[2.009, 1.0]"
BB3:C6-E6,4,4,  2.24,6262.0,11.0,1138.54545455,10.0,"[2.009, 1.0]"
BB3:CGB+0.3C6,3,1.5,  2.01,1536.0,72.0,42.6666666667,10.0,"[3.019, 1.0]"
BB3:CGB+0.3C6,3.5,1.75,  2.13,1137.0,36.0,63.1666666667,10.0,"[3.019, 1.0]"
BB3:CGB+0.5C6,3,1.5,  2.17,1672.0,74.0,45.1891891892,6.0,"[1.812, 1.0]"
BB3:CGB+SXF-TS-YAP+C6-A6,1.5,0.75,  2.26,7240.0,202.0,71.6831683168,25.0,"[4.275, 1.0, 6.116, 1.423, 4.72, 3.698]"
BB3:CGB+SXF-TS-YAP+C6-A6,2,1.0,  2.23,5544.0,152.0,72.9473684211,25.0,"[4.275, 1.0, 6.116, 1.423, 4.72, 3.698]"
BB3:CGB+SXF-TS-YAP+C6-A6,2.5,1.25,  2.30,4380.0,102.0,85.8823529412,25.0,"[4.275, 1.0, 6.116, 1.423, 4.72, 3.698]"
BB3:CGB-GBL-0.5E6+0.5C6,1.5,0.75,  2.47,3793.0,262.0,28.9541984733,15.0,"[3.64, 3.054, 1.0, 2.009]"
BB3:CGB-GBL-0.5E6+0.5C6,1.5,1.125,  2.06,3703.0,204.0,36.3039215686,15.0,"[3.64, 3.054, 1.0, 2.009]"
BB3:CGB-GBL-0.6E6+0.15C6,1.5,0.75,  2.73,4368.0,352.0,24.8181818182,6.0,"[6.039, 5.067, 1.991, 1.0]"
BB3:CGB-GBL-0.6E6+0.15C6,2,1.0,  2.35,3030.0,228.0,26.5789473684,6.0,"[6.039, 5.067, 1.991, 1.0]"
BB3:CGB-GBL-0.6E6+0.15C6,2,1.5,  2.57,3980.0,194.0,41.0309278351,6.0,"[6.039, 5.067, 1.991, 1.0]"
BB3:CGB-GBL-0.75E6+0.3C6,1.5,0.75,  2.98,4915.0,362.0,27.1546961326,6.0,"[3.019, 2.534, 1.244, 1.0]"
BB3:CGB-GBL-0.75E6+0.3C6,1.5,1.125,  2.91,5342.0,284.0,37.6197183099,6.0,"[3.019, 2.534, 1.244, 1.0]"
BB3:CGB-GBL-0.75E6+0.3C6,2,1.0,  2.76,3601.0,240.0,30.0083333333,6.0,"[3.019, 2.534, 1.244, 1.0]"
BB3:CGB-GBL-0.75E6+0.3C6,2,1.5,  2.90,4587.0,206.0,44.5339805825,6.0,"[3.019, 2.534, 1.244, 1.0]"
BB3:CGB-GBL-E6+0.3C6,1.5,0.75,  2.76,5165.0,368.0,28.0706521739,6.0,"[3.019, 2.534, 1.659, 1.0]"
BB3:CGB-GBL-E6+0.3C6,1.5,1.125,  2.52,5320.0,284.0,37.4647887324,6.0,"[3.019, 2.534, 1.659, 1.0]"
BB3:CGB-GBL-E6+0.3C6,2,1.0,  2.45,3667.0,236.0,31.0762711864,6.0,"[3.019, 2.534, 1.659, 1.0]"
BB3:CGB-GBL-E6+0.3C6,2,1.5,  2.60,4767.0,202.0,47.198019802,6.0,"[3.019, 2.534, 1.659, 1.0]"
BB3:CGB-GBL-E6+0.3C6,2.5,1.875,  2.22,3188.0,118.0,54.0338983051,6.0,"[3.019, 2.534, 1.659, 1.0]"
BB3:CGB-GBL-E6+C6,1.5,0.75,  2.41,4768.0,358.0,26.6368715084,6.0,"[1.82, 1.527, 1.0, 2.009]"
BB3:CGB-GBM-E6+C6,1.5,0.75,  2.10,4654.0,319.0,29.1786833856,12.0,"[1.82, 3.669, 1.0, 2.009]"
BB3:CGB-GBM-E6+C6,2,1.0,  2.30,3917.0,208.0,37.6634615385,12.0,"[1.82, 3.669, 1.0, 2.009]"
BB3:CGB-GBM-E6+C6,3,1.5,  2.14,1723.0,46.0,74.9130434783,12.0,"[1.82, 3.669, 1.0, 2.009]"
BB3:CGB-GBX-0.3E6+0.3C6,4,2.0,  2.13,938.0,18.0,104.222222222,6.0,"[6.066, 1.862, 1.0, 2.009]"
BB3:CGB-OAT,3,1.5,  2.15,1588.0,74.0,42.9189189189,6.0,"[1.029, 1.0]"
BB3:CGB-R-0.5B6+0.5C6,2,1.0,  2.21,2629.0,160.0,32.8625,15.0,"[2.606, 1.655, 1.0, 1.439]"
BB3:CGB-TN+0.3C6,1.5,0.75,  2.80,4428.0,391.0,22.6496163683,6.0,"[3.019, 2.616, 1.0]"
BB3:CGB-TN+0.3C6,2,1.0,  2.30,2964.0,249.0,23.8072289157,6.0,"[3.019, 2.616, 1.0]"
BB3:CGB-UB+0.3C6,2,1.0,  2.02,2626.0,232.0,22.6379310345,6.0,"[3.072, 1.0, 1.017]"
BB3:CGB-US10Y+0.3C6,2,1.0,  2.25,3092.0,243.0,25.4485596708,6.0,"[9.079, 1.0, 3.007]"
BB3:CGB-US10Y+0.5C6,2,1.0,  2.13,2931.0,209.0,28.04784689,6.0,"[9.079, 1.0, 5.011]"
BB3:CGB-US7Y+0.3C6,1,0.5,  2.36,5158.0,543.0,18.9981583794,6.0,"[6.847, 1.0, 2.268]"
BB3:CGB-US7Y+0.3C6,1.5,0.75,  2.35,4394.0,381.0,23.0656167979,6.0,"[6.847, 1.0, 2.268]"
BB3:CGB-ZB+0.5C6,2.5,1.25,  2.26,2530.0,152.0,33.2894736842,6.0,"[2.072, 1.0, 1.144]"
BB3:CGB-ZN+0.3C6,1,0.5,  2.10,4212.0,519.0,16.2312138728,6.0,"[3.019, 3.737, 1.0]"
BB3:CGB-ZN+0.3C6,1.5,0.75,  2.07,3549.0,363.0,19.5537190083,6.0,"[3.019, 3.737, 1.0]"
BB3:CGF-CGB+0.5C6,3,1.5,  4.49,12251.0,114.0,214.929824561,20.0,"[3.96, 1.812, 1.0]"
BB3:CGF-CGB+0.5C6,3.5,1.75,  4.07,9596.0,74.0,259.351351351,20.0,"[3.96, 1.812, 1.0]"
BB3:CGF-CGB+0.5C6,3.5,2.625,  3.15,8710.0,66.0,263.939393939,20.0,"[3.96, 1.812, 1.0]"
BB3:CGF-CGB+0.5C6,4,2.0,  3.94,8725.0,58.0,300.862068966,20.0,"[3.96, 1.812, 1.0]"
BB3:CGF-CGB+0.5C6,4,3.0,  3.28,8221.0,52.0,316.192307692,20.0,"[3.96, 1.812, 1.0]"
BB3:CGF-CGB,2.5,1.25,  6.42,19290.0,174.0,221.724137931,25.0,"[2.186, 1.0]"
BB3:CGF-CGB,2.5,1.875,  4.35,16609.0,120.0,276.816666667,25.0,"[2.186, 1.0]"
BB3:CGF-CGB,3,1.5,  6.04,17544.0,154.0,227.844155844,25.0,"[2.186, 1.0]"
BB3:CGF-CGB,3,2.25,  4.35,15240.0,118.0,258.305084746,25.0,"[2.186, 1.0]"
BB3:CGF-CGB,3.5,1.75,  5.74,15950.0,132.0,241.666666667,25.0,"[2.186, 1.0]"
BB3:CGF-CGB,3.5,2.625,  4.59,14246.0,110.0,259.018181818,25.0,"[2.186, 1.0]"
BB3:CGF-CGB,4,2.0,  5.74,14882.0,110.0,270.581818182,25.0,"[2.186, 1.0]"
BB3:CGF-CGB,4,3.0,  4.99,14164.0,104.0,272.384615385,25.0,"[2.186, 1.0]"
BB3:CL-OIL,1,0.5,  2.37,2629.0,397.0,13.2443324937,6.0,"[1.036, 1.0]"
BB3:CL-OIL,1.5,0.75,  2.05,1886.0,264.0,14.2878787879,6.0,"[1.036, 1.0]"
BB3:CL-R6,4,2.0,  2.02,2889.0,32.0,180.5625,6.0,"[1.0, 5.486]"
BB3:CL-YAP,2.5,2.5,  2.55,9646.0,73.0,264.273972603,5.0,"[1.0, 1.537]"
BB3:DF+J6,2.5,1.25,  2.05,2320.0,130.0,35.6923076923,5.0,"[1.0, 8.843]"
BB3:DF-0.5MX-0.5X,1,0.5,  3.66,4884.0,468.0,20.8717948718,5.0,"[1.0, 2.821, 2.086]"
BB3:DF-0.5MX-0.5X,1,0.75,  3.24,4550.0,368.0,24.7282608696,5.0,"[1.0, 2.821, 2.086]"
BB3:DF-0.5MX-0.5X,1,1,  2.37,4078.0,163.0,50.036809816,5.0,"[1.0, 2.821, 2.086]"
BB3:DF-0.5MX-0.5X,1.5,0.75,  3.52,3965.0,318.0,24.9371069182,5.0,"[1.0, 2.821, 2.086]"
BB3:DF-0.5MX-0.5X,1.5,1.125,  3.28,4101.0,262.0,31.3053435115,5.0,"[1.0, 2.821, 2.086]"
BB3:DF-0.5MX-0.5X,2,1.0,  2.58,2325.0,196.0,23.7244897959,5.0,"[1.0, 2.821, 2.086]"
BB3:DF-0.5MX-0.5X,2,1.5,  2.61,2760.0,170.0,32.4705882353,5.0,"[1.0, 2.821, 2.086]"
BB3:DF-0.5MX-0.5X,2.5,1.25,  2.09,1572.0,124.0,25.3548387097,5.0,"[1.0, 2.821, 2.086]"
BB3:DF-0.5MX-0.5X,2.5,1.875,  2.61,2292.0,114.0,40.2105263158,5.0,"[1.0, 2.821, 2.086]"
BB3:DF-0.5MX-0.5X,3,1.5,  2.23,1279.0,66.0,38.7575757576,5.0,"[1.0, 2.821, 2.086]"
BB3:DF-0.5X-0.5ES,1.5,0.75,  2.14,2746.0,316.0,17.3797468354,5.0,"[1.061, 2.212, 1.0]"
BB3:DF-0.5X-0.5ES,2,1.0,  2.11,2127.0,204.0,20.8529411765,5.0,"[1.061, 2.212, 1.0]"
BB3:DF-A6,1.5,1.125,  2.45,6207.0,275.0,45.1418181818,5.0,"[1.0, 9.986]"
BB3:DF-A6,1.5,1.5,  2.78,9563.0,143.0,133.748251748,5.0,"[1.0, 9.986]"
BB3:DF-C6,1,0.75,  2.16,6163.0,379.0,32.5224274406,5.0,"[1.0, 12.743]"
BB3:DF-C6,1,1,  2.11,7314.0,187.0,78.2245989305,5.0,"[1.0, 12.743]"
BB3:DF-E6,2,1.5,  2.04,4855.0,174.0,55.8045977011,5.0,"[1.0, 6.343]"
BB3:DF-ESX,1,0.5,  2.92,3625.0,515.0,14.0776699029,5.0,"[1.0, 9.171]"
BB3:DF-ESX,1,0.75,  2.48,3361.0,347.0,19.3717579251,5.0,"[1.0, 9.171]"
BB3:DF-ESX,1.5,0.75,  2.85,2815.0,349.0,16.1318051576,5.0,"[1.0, 9.171]"
BB3:DF-ESX,1.5,1.125,  2.39,2717.0,271.0,20.0516605166,5.0,"[1.0, 9.171]"
BB3:DF-ESX,1.5,1.5,  2.30,3674.0,149.0,49.3154362416,5.0,"[1.0, 9.171]"
BB3:DF-ESX,2,1.0,  2.15,1664.0,212.0,15.6981132075,5.0,"[1.0, 9.171]"
BB3:DF-MX,1,0.5,  3.34,4090.0,468.0,17.4786324786,5.0,"[1.0, 5.643]"
BB3:DF-MX,1,0.75,  3.02,3941.0,354.0,22.2655367232,5.0,"[1.0, 5.643]"
BB3:DF-MX,1,1,  2.20,3530.0,179.0,39.4413407821,5.0,"[1.0, 5.643]"
BB3:DF-MX,1.5,0.75,  3.43,3529.0,334.0,21.1317365269,5.0,"[1.0, 5.643]"
BB3:DF-MX,1.5,1.125,  3.21,3666.0,268.0,27.3582089552,5.0,"[1.0, 5.643]"
BB3:DF-MX,1.5,1.5,  2.31,3702.0,119.0,62.218487395,5.0,"[1.0, 5.643]"
BB3:DF-MX,2,1.0,  2.04,1739.0,192.0,18.1145833333,5.0,"[1.0, 5.643]"
BB3:DF-MX,2,1.5,  2.07,2036.0,164.0,24.8292682927,5.0,"[1.0, 5.643]"
BB3:DF-MX,2.5,1.875,  2.37,1939.0,116.0,33.4310344828,5.0,"[1.0, 5.643]"
BB3:DF-MX,3,2.25,  2.22,1559.0,78.0,39.9743589744,5.0,"[1.0, 5.643]"
BB3:DF-MX,3.5,2.625,  2.00,1115.0,42.0,53.0952380952,5.0,"[1.0, 5.643]"
BB3:DF-X-0.3B6+0.3E6,1,0.5,  3.21,5332.0,545.0,19.5669724771,5.0,"[1.0, 4.171, 2.657, 1.903]"
BB3:DF-X-0.3B6+0.3E6,1,0.75,  2.83,5017.0,417.0,24.0623501199,5.0,"[1.0, 4.171, 2.657, 1.903]"
BB3:DF-X-0.3B6+0.3E6,1.5,0.75,  2.51,3553.0,353.0,20.1303116147,5.0,"[1.0, 4.171, 2.657, 1.903]"
BB3:DF-X-0.3B6+0.3E6,1.5,1.125,  2.69,4223.0,279.0,30.2724014337,5.0,"[1.0, 4.171, 2.657, 1.903]"
BB3:DF-X-0.3B6+0.3E6,2,1.0,  2.96,3347.0,243.0,27.5473251029,5.0,"[1.0, 4.171, 2.657, 1.903]"
BB3:DF-X-0.3B6+0.3E6,2,1.5,  2.45,3293.0,197.0,33.4314720812,5.0,"[1.0, 4.171, 2.657, 1.903]"
BB3:DF-X-0.3B6+0.3E6,2.5,1.25,  2.50,2217.0,152.0,29.1710526316,5.0,"[1.0, 4.171, 2.657, 1.903]"
BB3:DF-X-0.3B6+0.3E6,2.5,1.875,  2.22,2518.0,131.0,38.4427480916,5.0,"[1.0, 4.171, 2.657, 1.903]"
BB3:DF-X-0.3B6+0.3E6,3,2.25,  2.09,1854.0,85.0,43.6235294118,5.0,"[1.0, 4.171, 2.657, 1.903]"
BB3:DF-X-B6+E6,1,0.5,  2.25,4967.0,557.0,17.8348294434,5.0,"[1.0, 4.171, 8.857, 6.343]"
BB3:DF-X-B6+E6,4,2.0,  2.21,738.0,20.0,73.8,5.0,"[1.0, 4.171, 8.857, 6.343]"
BB3:DF-X,1,0.5,  2.92,5078.0,471.0,21.5626326964,5.0,"[1.0, 4.171]"
BB3:DF-X,1,0.75,  2.34,4325.0,355.0,24.3661971831,5.0,"[1.0, 4.171]"
BB3:DF-X,1.5,0.75,  2.33,3395.0,295.0,23.0169491525,5.0,"[1.0, 4.171]"
BB3:DF-X,2,1.0,  2.40,2741.0,206.0,26.6116504854,5.0,"[1.0, 4.171]"
BB3:DF-X,2.5,1.25,  2.54,2087.0,126.0,33.126984127,5.0,"[1.0, 4.171]"
BB3:DF-X,2.5,1.875,  2.18,2433.0,113.0,43.0619469027,5.0,"[1.0, 4.171]"
BB3:DF-X,3,1.5,  2.26,1284.0,60.0,42.8,5.0,"[1.0, 4.171]"
BB3:DF-X,3,2.25,  2.55,1946.0,60.0,64.8666666667,5.0,"[1.0, 4.171]"
BB3:DF-X,3.5,1.75,  2.00,731.0,28.0,52.2142857143,5.0,"[1.0, 4.171]"
BB3:DF-XXP,1,0.5,  2.81,10305.0,529.0,38.9603024575,5.0,"[1.0, 17.571]"
BB3:DF-XXP,1,0.75,  2.19,8345.0,359.0,46.4902506964,5.0,"[1.0, 17.571]"
BB3:DF-XXP,1.5,0.75,  3.27,9143.0,376.0,48.6329787234,5.0,"[1.0, 17.571]"
BB3:DF-XXP,1.5,1.125,  2.54,8189.0,295.0,55.5186440678,5.0,"[1.0, 17.571]"
BB3:DF-XXP,2,1.0,  2.99,8003.0,232.0,68.9913793103,5.0,"[1.0, 17.571]"
BB3:DF-XXP,2,1.5,  3.19,8697.0,201.0,86.5373134328,5.0,"[1.0, 17.571]"
BB3:DF-XXP,2,2,  2.02,7985.0,95.0,168.105263158,5.0,"[1.0, 17.571]"
BB3:DF-XXP,2.5,1.25,  2.81,7379.0,152.0,97.0921052632,5.0,"[1.0, 17.571]"
BB3:DF-XXP,2.5,1.875,  2.95,7914.0,138.0,114.695652174,5.0,"[1.0, 17.571]"
BB3:DF-XXP,3,1.5,  2.45,6277.0,88.0,142.659090909,5.0,"[1.0, 17.571]"
BB3:DF-XXP,3,2.25,  2.57,6724.0,78.0,172.41025641,5.0,"[1.0, 17.571]"
BB3:DF-XXP,3,3,  2.21,8748.0,33.0,530.181818182,5.0,"[1.0, 17.571]"
BB3:DF-XXP,3.5,1.75,  2.40,6090.0,62.0,196.451612903,5.0,"[1.0, 17.571]"
BB3:DF-XXP,3.5,2.625,  2.47,6403.0,58.0,220.793103448,5.0,"[1.0, 17.571]"
BB3:DF-XXP,3.5,3.5,  2.27,8990.0,29.0,620.0,5.0,"[1.0, 17.571]"
BB3:DF-XXP,4,2.0,  2.21,5578.0,34.0,328.117647059,5.0,"[1.0, 17.571]"
BB3:DF-XXP,4,3.0,  2.35,6020.0,34.0,354.117647059,5.0,"[1.0, 17.571]"
BB3:DF-XXP,4,4,  2.09,8263.0,17.0,972.117647059,5.0,"[1.0, 17.571]"
BB3:DF-YAP-0.3A6+0.3E6,1,0.5,  2.36,5545.0,414.0,26.7874396135,5.0,"[1.0, 3.843, 2.996, 1.903]"
BB3:DF-YAP-0.3A6+0.3E6,1,0.75,  2.21,5621.0,318.0,35.3522012579,5.0,"[1.0, 3.843, 2.996, 1.903]"
BB3:DF-YAP-0.3A6+0.3E6,1.5,0.75,  2.53,5073.0,288.0,35.2291666667,5.0,"[1.0, 3.843, 2.996, 1.903]"
BB3:DF-YAP-0.3A6+0.3E6,1.5,1.125,  2.16,4994.0,232.0,43.0517241379,5.0,"[1.0, 3.843, 2.996, 1.903]"
BB3:DF-YAP-0.3A6+0.3E6,2,2,  2.08,6368.0,103.0,123.650485437,5.0,"[1.0, 3.843, 2.996, 1.903]"
BB3:E6+GBL,2,1.5,  2.59,5530.0,196.0,56.4285714286,5.0,"[1.0, 1.527]"
BB3:E6+GBL,2.5,1.875,  2.35,4067.0,126.0,64.5555555556,5.0,"[1.0, 1.527]"
BB3:E6+GBL,3.5,1.75,  2.12,1219.0,36.0,67.7222222222,5.0,"[1.0, 1.527]"
BB3:E6-C6,2.5,2.5,  2.52,7192.0,59.0,243.796610169,5.0,"[1.0, 2.009]"
BB3:E6-C6,3,3,  2.98,8492.0,47.0,361.361702128,5.0,"[1.0, 2.009]"
BB3:E6-C6,3.5,3.5,  2.07,5892.0,15.0,785.6,5.0,"[1.0, 2.009]"
BB3:E6-C6,4,4,  2.23,6242.0,11.0,1134.90909091,5.0,"[1.0, 2.009]"
BB3:E6-DF,2,1.5,  2.04,4855.0,174.0,55.8045977011,5.0,"[6.343, 1.0]"
BB3:E6-J6+GBL,1,0.5,  2.06,5265.0,549.0,19.1803278689,5.0,"[1.0, 1.394, 1.527]"
BB3:E6-J6+GBL,1.5,0.75,  2.16,4597.0,373.0,24.6487935657,5.0,"[1.0, 1.394, 1.527]"
BB3:E6-J6+GBL,2,1.0,  2.20,3736.0,238.0,31.3949579832,5.0,"[1.0, 1.394, 1.527]"
BB3:E6-J6+GBL,4,2.0,  2.54,1023.0,22.0,93.0,5.0,"[1.0, 1.394, 1.527]"
BB3:ESX+GBL-NKD-J6,4,4,  2.51,8505.0,11.0,1546.36363636,6.0,"[3.963, 4.185, 1.0, 3.821]"
BB3:ESX+VS,1,0.5,  2.01,6242.0,390.0,32.0102564103,15.0,"[1.0, 5.374]"
BB3:ESX+VS,1.5,0.75,  2.08,5288.0,304.0,34.7894736842,15.0,"[1.0, 5.374]"
BB3:ESX+VS2,1,0.5,  2.51,8770.0,312.0,56.2179487179,25.0,"[1.0, 6.958]"
BB3:ESX+VS2,1.5,0.75,  2.25,6628.0,250.0,53.024,25.0,"[1.0, 6.958]"
BB3:ESX+VS2,2,1.0,  2.37,5243.0,176.0,59.5795454545,25.0,"[1.0, 6.958]"
BB3:ESX+VS2,2.5,1.25,  2.22,3755.0,102.0,73.6274509804,25.0,"[1.0, 6.958]"
BB3:ESX+VS3,1,0.5,  4.68,17956.0,524.0,68.534351145,20.0,"[1.0, 8.567]"
BB3:ESX+VS3,1,0.75,  3.21,14048.0,292.0,96.2191780822,20.0,"[1.0, 8.567]"
BB3:ESX+VS3,1,1,  2.62,12974.0,221.0,117.411764706,20.0,"[1.0, 8.567]"
BB3:ESX+VS3,1.5,0.75,  4.10,13356.0,378.0,70.6666666667,20.0,"[1.0, 8.567]"
BB3:ESX+VS3,1.5,1.125,  2.95,10993.0,252.0,87.246031746,20.0,"[1.0, 8.567]"
BB3:ESX+VS3,2,1.0,  3.59,9481.0,240.0,79.0083333333,20.0,"[1.0, 8.567]"
BB3:ESX+VS3,2,1.5,  2.90,9039.0,186.0,97.1935483871,20.0,"[1.0, 8.567]"
BB3:ESX+VS3,2.5,1.25,  3.22,6591.0,130.0,101.4,20.0,"[1.0, 8.567]"
BB3:ESX+VS3,2.5,1.875,  2.55,6451.0,116.0,111.224137931,20.0,"[1.0, 8.567]"
BB3:ESX+VS3,3,1.5,  2.28,3527.0,64.0,110.21875,20.0,"[1.0, 8.567]"
BB3:ESX+VS3,3,2.25,  2.14,3973.0,58.0,137.0,20.0,"[1.0, 8.567]"
BB3:ESX-0.53DF-0.40MX-0.10IM,1,0.5,  2.15,2018.0,318.0,12.6918238994,6.0,"[28.661, 1.656, 7.054, 1.0]"
BB3:ESX-0.53DF-0.40MX-0.10IM,1.5,0.75,  2.43,1880.0,274.0,13.7226277372,6.0,"[28.661, 1.656, 7.054, 1.0]"
BB3:ESX-0.53DF-0.40MX-0.10IM,2,1.0,  2.12,1232.0,180.0,13.6888888889,6.0,"[28.661, 1.656, 7.054, 1.0]"
BB3:ESX-DF,1,0.5,  2.91,3618.0,475.0,15.2336842105,6.0,"[9.171, 1.0]"
BB3:ESX-DF,1,0.75,  2.39,3287.0,305.0,21.5540983607,6.0,"[9.171, 1.0]"
BB3:ESX-DF,1.5,0.75,  2.87,2840.0,329.0,17.26443769,6.0,"[9.171, 1.0]"
BB3:ESX-DF,1.5,1.125,  2.50,2871.0,253.0,22.6956521739,6.0,"[9.171, 1.0]"
BB3:ESX-DF,1.5,1.5,  2.47,3944.0,149.0,52.9395973154,6.0,"[9.171, 1.0]"
BB3:ESX-DF,2,1.0,  2.16,1661.0,200.0,16.61,6.0,"[9.171, 1.0]"
BB3:ESX-ESB-GBL,1,0.5,  2.42,7526.0,538.0,27.9776951673,6.0,"[1.0, 4.419, 1.056]"
BB3:ESX-ESB-GBL,1,0.75,  2.19,7193.0,412.0,34.9174757282,6.0,"[1.0, 4.419, 1.056]"
BB3:ESX-ESB-GBL,1.5,0.75,  2.45,6363.0,366.0,34.7704918033,6.0,"[1.0, 4.419, 1.056]"
BB3:ESX-ESB-GBL,2.5,1.25,  2.04,3244.0,158.0,41.0632911392,6.0,"[1.0, 4.419, 1.056]"
BB3:ESX-MX,1,0.5,  2.06,2478.0,368.0,13.4673913043,6.0,"[1.625, 1.0]"
BB3:ESX-MX,1.5,0.75,  2.25,2329.0,288.0,16.1736111111,6.0,"[1.625, 1.0]"
BB3:ESX-NKD-0.75J6+0.75E6,1,0.5,  2.09,5308.0,511.0,20.7749510763,6.0,"[3.963, 1.0, 2.866, 2.056]"
BB3:ESX-SXF-C6+E6,3.5,3.5,  2.12,7483.0,27.0,554.296296296,6.0,"[3.397, 1.0, 4.72, 2.349]"
BB3:ESX-X,1,0.5,  2.74,3858.0,261.0,29.5632183908,6.0,"[2.199, 1.0]"
BB3:ESX-X,1,0.75,  3.04,4445.0,223.0,39.865470852,6.0,"[2.199, 1.0]"
BB3:ESX-X,1.5,1.125,  2.08,2762.0,133.0,41.5338345865,6.0,"[2.199, 1.0]"
BB3:ESX-X,2,1.5,  2.09,2512.0,99.0,50.7474747475,6.0,"[2.199, 1.0]"
BB3:ESX-X,2.5,1.25,  2.00,1431.0,69.0,41.4782608696,6.0,"[2.199, 1.0]"
BB3:GBL+0.5DF-R-0.5X,1,0.5,  2.15,4006.0,455.0,17.6087912088,6.0,"[19.371, 1.0, 14.657, 4.171]"
BB3:GBL+DF-R-X,2,1.0,  2.91,4386.0,231.0,37.974025974,6.0,"[9.686, 1.0, 7.329, 4.171]"
BB3:GBL+DF-R-X,2,1.5,  2.63,4865.0,193.0,50.414507772,6.0,"[9.686, 1.0, 7.329, 4.171]"
BB3:GBL+DF-R-X,2,2,  2.13,6249.0,91.0,137.340659341,6.0,"[9.686, 1.0, 7.329, 4.171]"
BB3:GBL+DF-R-X,2.5,1.25,  2.34,2551.0,124.0,41.1451612903,6.0,"[9.686, 1.0, 7.329, 4.171]"
BB3:GBL+DF-R-X,2.5,1.875,  2.81,4000.0,120.0,66.6666666667,6.0,"[9.686, 1.0, 7.329, 4.171]"
BB3:GBL+DF-R-X,3,2.25,  2.95,2673.0,66.0,81.0,6.0,"[9.686, 1.0, 7.329, 4.171]"
BB3:GBL+E6,2,1.5,  2.65,5650.0,186.0,60.752688172,10.0,"[1.527, 1.0]"
BB3:GBL+ESX+0.5VS,4,2.0,  2.89,1146.0,16.0,143.25,10.0,"[1.056, 1.0, 2.687]"
BB3:GBL+ESX+0.5VS,4,3.0,  2.27,1375.0,16.0,171.875,10.0,"[1.056, 1.0, 2.687]"
BB3:GBL+ESX-CGB-SXF+E6-C6,1,0.5,  2.13,6233.0,349.0,35.7191977077,20.0,"[3.587, 3.397, 4.275, 1.0, 2.349, 4.72]"
BB3:GBL+ESX-R-X+E6-B6,1,0.5,  2.16,4876.0,431.0,22.626450116,10.0,"[2.322, 2.199, 1.757, 1.0, 1.521, 2.123]"
BB3:GBL+ESX-R-X,2.5,1.25,  2.15,2297.0,110.0,41.7636363636,15.0,"[2.322, 2.199, 1.757, 1.0]"
BB3:GBL+ESX-R-X,2.5,1.875,  2.03,2937.0,102.0,57.5882352941,15.0,"[2.322, 2.199, 1.757, 1.0]"
BB3:GBL+ESX-R-X,3,1.5,  2.05,1606.0,62.0,51.8064516129,15.0,"[2.322, 2.199, 1.757, 1.0]"
BB3:GBL-R-0.5B6+0.5E6,1,0.5,  2.06,3313.0,301.0,22.0132890365,15.0,"[3.054, 2.311, 1.396, 1.0]"
BB3:GBL-R-0.5B6+0.5E6,1.5,0.75,  2.24,2999.0,243.0,24.683127572,15.0,"[3.054, 2.311, 1.396, 1.0]"
BB3:GBL-R-0.5B6+0.5E6,2,1.0,  2.10,2155.0,148.0,29.1216216216,15.0,"[3.054, 2.311, 1.396, 1.0]"
BB3:GBL-R-0.5B6+0.5E6,2.5,1.25,  2.05,1483.0,84.0,35.3095238095,15.0,"[3.054, 2.311, 1.396, 1.0]"
BB3:GBL-R-0.5B6+0.5E6,2.5,1.875,  2.62,2401.0,82.0,58.5609756098,15.0,"[3.054, 2.311, 1.396, 1.0]"
BB3:GBL-R-0.5B6+0.5E6,2.5,2.5,  2.39,4830.0,47.0,205.531914894,15.0,"[3.054, 2.311, 1.396, 1.0]"
BB3:GBL-R-0.67B6+0.67E6,2.5,1.875,  2.22,2041.0,76.0,53.7105263158,15.0,"[2.279, 1.724, 1.396, 1.0]"
BB3:GBL-R-0.67B6+0.67E6,2.5,2.5,  2.93,6304.0,51.0,247.215686275,15.0,"[2.279, 1.724, 1.396, 1.0]"
BB3:GBL-R-0.75B6+0.75E6,1,0.5,  2.10,3690.0,335.0,22.0298507463,15.0,"[2.036, 1.541, 1.396, 1.0]"
BB3:GBL-R-0.75B6+0.75E6,1.5,0.75,  2.07,3043.0,251.0,24.2470119522,15.0,"[2.036, 1.541, 1.396, 1.0]"
BB3:GBL-R-0.75B6+0.75E6,2.5,1.25,  2.20,1598.0,82.0,38.9756097561,15.0,"[2.036, 1.541, 1.396, 1.0]"
BB3:GBL-R-0.75B6+0.75E6,2.5,1.875,  2.01,1921.0,78.0,49.2564102564,15.0,"[2.036, 1.541, 1.396, 1.0]"
BB3:GBL-R-B6+E6,2.5,1.25,  2.50,2237.0,92.0,48.6304347826,15.0,"[1.527, 1.155, 1.396, 1.0]"
BB3:GBL-R-B6+E6,2.5,1.875,  2.26,2608.0,82.0,63.6097560976,15.0,"[1.527, 1.155, 1.396, 1.0]"
BB3:GBL-R-X+ESX,2.5,1.25,  2.15,2297.0,110.0,41.7636363636,15.0,"[2.322, 1.757, 1.0, 2.199]"
BB3:GBL-R-X+ESX,2.5,1.875,  2.03,2937.0,102.0,57.5882352941,15.0,"[2.322, 1.757, 1.0, 2.199]"
BB3:GBL-R-X+ESX,3,1.5,  2.06,1612.0,62.0,52.0,15.0,"[2.322, 1.757, 1.0, 2.199]"
BB3:GBL-TN+0.3E6,1,0.5,  2.64,5285.0,383.0,27.5979112272,15.0,"[5.09, 5.255, 1.0]"
BB3:GBL-TN+0.3E6,1.5,0.75,  2.27,3756.0,259.0,29.0038610039,15.0,"[5.09, 5.255, 1.0]"
BB3:GBL-TN+0.3E6,2,1.0,  2.68,3387.0,181.0,37.4254143646,15.0,"[5.09, 5.255, 1.0]"
BB3:GBL-TN+E6,1,0.5,  2.22,5705.0,419.0,27.23150358,15.0,"[1.527, 1.577, 1.0]"
BB3:GBL-TN+E6,1,0.75,  2.21,6072.0,321.0,37.8317757009,15.0,"[1.527, 1.577, 1.0]"
BB3:GBL-TN+E6,1.5,0.75,  2.05,4373.0,287.0,30.4738675958,15.0,"[1.527, 1.577, 1.0]"
BB3:GBL-TN+E6,2,1.0,  2.44,4068.0,198.0,41.0909090909,15.0,"[1.527, 1.577, 1.0]"
BB3:GBL-TN+E6,2,1.5,  2.28,4557.0,168.0,54.25,15.0,"[1.527, 1.577, 1.0]"
BB3:GBL-TN+E6,2.5,1.25,  2.12,2437.0,98.0,49.7346938776,15.0,"[1.527, 1.577, 1.0]"
BB3:GBL-TN+E6,3,1.5,  2.41,1888.0,52.0,72.6153846154,15.0,"[1.527, 1.577, 1.0]"
BB3:GBL-UB+E6,1,0.5,  2.34,6007.0,424.0,28.3349056604,15.0,"[2.578, 1.0, 1.688]"
BB3:GBL-UB+E6,1.5,0.75,  2.68,5689.0,302.0,37.6754966887,15.0,"[2.578, 1.0, 1.688]"
BB3:GBL-UB+E6,1.5,1.125,  2.28,5482.0,244.0,44.9344262295,15.0,"[2.578, 1.0, 1.688]"
BB3:GBL-UB+E6,2,1.0,  2.46,3901.0,186.0,41.9462365591,15.0,"[2.578, 1.0, 1.688]"
BB3:GBL-UB+E6,2,1.5,  2.55,4928.0,166.0,59.3734939759,15.0,"[2.578, 1.0, 1.688]"
BB3:GBL-US10Y+0.3E6,1,0.5,  2.21,4619.0,353.0,26.1699716714,15.0,"[7.618, 1.0, 1.497]"
BB3:GBL-US10Y+0.3E6,1.5,0.75,  2.30,3937.0,251.0,31.3705179283,15.0,"[7.618, 1.0, 1.497]"
BB3:GBL-US10Y+0.3E6,2,1.0,  2.29,3025.0,167.0,36.2275449102,15.0,"[7.618, 1.0, 1.497]"
BB3:GBL-US10Y+0.3E6,2.5,1.875,  2.00,2443.0,91.0,53.6923076923,15.0,"[7.618, 1.0, 1.497]"
BB3:GBL-US10Y+0.5E6,1,0.5,  2.30,5009.0,369.0,27.1490514905,15.0,"[7.618, 1.0, 2.494]"
BB3:GBL-US10Y+0.5E6,1.5,0.75,  2.26,4085.0,259.0,31.5444015444,15.0,"[7.618, 1.0, 2.494]"
BB3:GBL-US10Y+0.5E6,2,1.0,  2.90,4023.0,187.0,43.0267379679,15.0,"[7.618, 1.0, 2.494]"
BB3:GBL-US10Y+0.5E6,2.5,1.25,  2.35,2195.0,91.0,48.2417582418,15.0,"[7.618, 1.0, 2.494]"
BB3:GBL-US7Y+0.3E6,1,0.5,  2.33,5391.0,373.0,28.9061662198,15.0,"[5.746, 1.0, 1.129]"
BB3:GBL-US7Y+0.3E6,1.5,0.75,  2.27,4399.0,263.0,33.4524714829,15.0,"[5.746, 1.0, 1.129]"
BB3:GBL-US7Y+0.5E6,1,0.5,  2.31,5513.0,383.0,28.7885117493,15.0,"[5.746, 1.0, 1.881]"
BB3:GBL-US7Y+0.5E6,1.5,0.75,  2.60,5128.0,281.0,36.4982206406,15.0,"[5.746, 1.0, 1.881]"
BB3:GBL-US7Y+0.5E6,2,1.0,  2.59,4108.0,199.0,41.2864321608,15.0,"[5.746, 1.0, 1.881]"
BB3:GBL-US7Y+0.5E6,2.5,1.25,  2.23,2419.0,101.0,47.900990099,15.0,"[5.746, 1.0, 1.881]"
BB3:GBL-ZB+0.5E6,1,0.5,  2.13,4704.0,519.0,18.1271676301,6.0,"[3.054, 1.757, 1.0]"
BB3:GBL-ZB+0.5E6,2,1.0,  2.46,3447.0,216.0,31.9166666667,6.0,"[3.054, 1.757, 1.0]"
BB3:GBL-ZB+0.7E6,1,0.5,  2.52,5908.0,533.0,22.1688555347,6.0,"[2.181, 1.255, 1.0]"
BB3:GBL-ZB+0.7E6,1,0.75,  2.07,5145.0,401.0,25.6608478803,6.0,"[2.181, 1.255, 1.0]"
BB3:GBL-ZB+0.7E6,1.5,0.75,  3.01,5903.0,375.0,31.4826666667,6.0,"[2.181, 1.255, 1.0]"
BB3:GBL-ZB+0.7E6,1.5,1.125,  2.13,4737.0,283.0,33.4770318021,6.0,"[2.181, 1.255, 1.0]"
BB3:GBL-ZB+0.7E6,2,1.0,  2.78,4110.0,230.0,35.7391304348,6.0,"[2.181, 1.255, 1.0]"
BB3:GBL-ZB+0.7E6,2,1.5,  2.27,4110.0,186.0,44.1935483871,6.0,"[2.181, 1.255, 1.0]"
BB3:GBL-ZB+E6,1,0.5,  2.42,6296.0,533.0,23.6247654784,6.0,"[1.738, 1.0, 1.138]"
BB3:GBL-ZB+E6,1,0.75,  2.04,5653.0,401.0,28.1945137157,6.0,"[1.738, 1.0, 1.138]"
BB3:GBL-ZB+E6,1.5,0.75,  2.60,5651.0,370.0,30.5459459459,6.0,"[1.738, 1.0, 1.138]"
BB3:GBL-ZB+E6,1.5,1.125,  2.31,5590.0,276.0,40.5072463768,6.0,"[1.738, 1.0, 1.138]"
BB3:GBL-ZB+E6,2,1.0,  2.02,3403.0,212.0,32.1037735849,6.0,"[1.738, 1.0, 1.138]"
BB3:GBL-ZB+E6,2,1.5,  2.63,5187.0,184.0,56.3804347826,6.0,"[1.738, 1.0, 1.138]"
BB3:GBL-ZN+0.3E6-0.3ES,1,0.5,  2.95,6267.0,579.0,21.6476683938,6.0,"[17.121, 25.253, 3.364, 1.0]"
BB3:GBL-ZN+0.3E6-0.3ES,1,0.75,  2.39,5432.0,439.0,24.7471526196,6.0,"[17.121, 25.253, 3.364, 1.0]"
BB3:GBL-ZN+0.3E6-0.3ES,1.5,0.75,  2.38,4083.0,347.0,23.5331412104,6.0,"[17.121, 25.253, 3.364, 1.0]"
BB3:GBL-ZN+0.3E6-0.3ES,1.5,1.125,  2.08,4091.0,281.0,29.1174377224,6.0,"[17.121, 25.253, 3.364, 1.0]"
BB3:GBL-ZN+0.3E6,1,0.5,  2.64,5671.0,531.0,21.3596986817,6.0,"[5.09, 7.508, 1.0]"
BB3:GBL-ZN+0.3E6,1.5,0.75,  2.47,4437.0,341.0,26.0234604106,6.0,"[5.09, 7.508, 1.0]"
BB3:GBL-ZN+0.3E6,1.5,1.125,  2.01,4032.0,271.0,29.7564575646,6.0,"[5.09, 7.508, 1.0]"
BB3:GBL-ZN+0.3E6,2,1.0,  2.62,3684.0,235.0,31.3531914894,6.0,"[5.09, 7.508, 1.0]"
BB3:GBL-ZN+0.3E6,2,1.5,  2.01,3383.0,189.0,35.7989417989,6.0,"[5.09, 7.508, 1.0]"
BB3:GBL-ZN+0.3E6,2.5,1.25,  2.07,2109.0,121.0,34.8595041322,6.0,"[5.09, 7.508, 1.0]"
BB3:GBL-ZN+0.5E6,1,0.5,  2.30,5113.0,385.0,26.561038961,15.0,"[3.054, 4.505, 1.0]"
BB3:GBL-ZN+0.5E6,1,0.75,  2.13,5387.0,263.0,40.9657794677,15.0,"[3.054, 4.505, 1.0]"
BB3:GBL-ZN+0.5E6,1.5,0.75,  2.24,4079.0,275.0,29.6654545455,15.0,"[3.054, 4.505, 1.0]"
BB3:GBL-ZN+0.5E6,2,1.0,  2.12,2965.0,179.0,33.1284916201,15.0,"[3.054, 4.505, 1.0]"
BB3:GBL-ZN+0.5E6,2.5,1.25,  2.02,2091.0,101.0,41.4059405941,15.0,"[3.054, 4.505, 1.0]"
BB3:GBL-ZN+0.75E6,1,0.5,  4.01,9530.0,651.0,29.2780337942,6.0,"[2.036, 3.003, 1.0]"
BB3:GBL-ZN+0.75E6,1,0.75,  3.07,7818.0,477.0,32.7798742138,6.0,"[2.036, 3.003, 1.0]"
BB3:GBL-ZN+0.75E6,1.5,0.75,  2.28,4492.0,357.0,25.1652661064,6.0,"[2.036, 3.003, 1.0]"
BB3:GBL-ZN+0.75E6,1.5,1.125,  2.02,4424.0,281.0,31.487544484,6.0,"[2.036, 3.003, 1.0]"
BB3:GBL-ZN+0.75E6,2.5,1.25,  2.21,2521.0,127.0,39.7007874016,6.0,"[2.036, 3.003, 1.0]"
BB3:GBL-ZN+0.75E6,3,1.5,  2.21,1725.0,69.0,50.0,6.0,"[2.036, 3.003, 1.0]"
BB3:GBL-ZN+E6,1,0.5,  2.97,7931.0,599.0,26.4808013356,6.0,"[1.527, 2.252, 1.0]"
BB3:GBL-ZN+E6,1,0.75,  2.38,6724.0,429.0,31.3473193473,6.0,"[1.527, 2.252, 1.0]"
BB3:GBL-ZN+E6,1.5,0.75,  2.15,4780.0,353.0,27.0821529745,6.0,"[1.527, 2.252, 1.0]"
BB3:GBL-ZN+E6,1.5,1.125,  2.27,5538.0,285.0,38.8631578947,6.0,"[1.527, 2.252, 1.0]"
BB3:GBL-ZN+E6,2,1.0,  2.41,4223.0,237.0,35.6371308017,6.0,"[1.527, 2.252, 1.0]"
BB3:GBL-ZN+E6,2,1.5,  2.12,4407.0,195.0,45.2,6.0,"[1.527, 2.252, 1.0]"
BB3:GBL-ZN+E6,3,1.5,  2.66,2274.0,70.0,64.9714285714,6.0,"[1.527, 2.252, 1.0]"
BB3:GBL-ZN-GBX+ZB,1,0.5,  2.81,6174.0,633.0,19.5071090047,6.0,"[2.734, 4.032, 1.0, 1.573]"
BB3:GBL-ZN-GBX+ZB,1.5,0.75,  3.04,5477.0,433.0,25.2979214781,6.0,"[2.734, 4.032, 1.0, 1.573]"
BB3:GBM-R-0.3B6+0.3E6,3,3,  2.18,5392.0,33.0,326.787878788,16.0,"[12.23, 3.851, 1.396, 1.0]"
BB3:GBM-US5Y+0.5E6,1,0.5,  2.00,5199.0,369.0,28.1788617886,16.0,"[9.873, 1.0, 1.345]"
BB3:GBM-ZF+0.5E6,1,0.5,  2.35,6265.0,407.0,30.7862407862,16.0,"[7.338, 7.27, 1.0]"
BB3:GBM-ZF+0.5E6,1.5,0.75,  2.07,4510.0,283.0,31.8727915194,16.0,"[7.338, 7.27, 1.0]"
BB3:GBM-ZN+0.5E6,1.5,0.75,  2.21,4856.0,279.0,34.8100358423,16.0,"[7.338, 4.505, 1.0]"
BB3:GBS-GBL-0.3ESX,1.5,0.75,  2.31,5595.0,250.0,44.76,23.0,"[34.631, 3.52, 1.0]"
BB3:GBS-GBL-0.3ESX,2,1.0,  2.62,4725.0,172.0,54.9418604651,23.0,"[34.631, 3.52, 1.0]"
BB3:GBS-GBL-0.3ESX,2,1.5,  2.18,5118.0,136.0,75.2647058824,23.0,"[34.631, 3.52, 1.0]"
BB3:GBS-GBL-0.3ESX,2.5,1.25,  2.05,2459.0,90.0,54.6444444444,23.0,"[34.631, 3.52, 1.0]"
BB3:GBS-GBL-0.3ESX,2.5,1.875,  2.09,3368.0,84.0,80.1904761905,23.0,"[34.631, 3.52, 1.0]"
BB3:GBS-GBL-0.4ESX,1.5,0.75,  2.43,5881.0,260.0,45.2384615385,23.0,"[25.974, 2.64, 1.0]"
BB3:GBS-GBL-0.4ESX,2,1.0,  2.57,4756.0,170.0,55.9529411765,23.0,"[25.974, 2.64, 1.0]"
BB3:GBS-GBL-0.4ESX,2,1.5,  2.12,5009.0,138.0,72.5942028986,23.0,"[25.974, 2.64, 1.0]"
BB3:GBS-GBL-0.5ESX,1.5,0.75,  2.10,5275.0,250.0,42.2,23.0,"[20.779, 2.112, 1.0]"
BB3:GBS-GBL-0.5ESX,2,1.0,  2.51,4822.0,170.0,56.7294117647,23.0,"[20.779, 2.112, 1.0]"
BB3:GBS-GBL-0.5ESX,2,1.5,  2.10,4994.0,136.0,73.4411764706,23.0,"[20.779, 2.112, 1.0]"
BB3:GBS-GBL-0.5ESX,2.5,1.25,  2.09,2694.0,92.0,58.5652173913,23.0,"[20.779, 2.112, 1.0]"
BB3:GBS-GBL-0.7ESX,2.5,1.25,  2.12,2893.0,92.0,62.8913043478,23.0,"[14.842, 1.509, 1.0]"
BB3:GBS-ZT+0.5E6,1,0.5,  2.04,8754.0,387.0,45.2403100775,23.0,"[30.045, 8.923, 1.0]"
BB3:GBS-ZT+E6,1,0.5,  2.08,9104.0,427.0,42.6416861827,23.0,"[15.023, 4.462, 1.0]"
BB3:GBS-ZT+E6,2.5,1.25,  2.62,5356.0,120.0,89.2666666667,23.0,"[15.023, 4.462, 1.0]"
BB3:GBS-ZT+E6,3,1.5,  2.57,3163.0,54.0,117.148148148,23.0,"[15.023, 4.462, 1.0]"
BB3:GBX+E6,1.5,1.125,  2.00,4848.0,246.0,39.4146341463,11.0,"[1.0, 1.79]"
BB3:GBX+E6,2,1.5,  2.53,5124.0,172.0,59.5813953488,11.0,"[1.0, 1.79]"
BB3:GBX+E6,2,2,  2.57,8549.0,87.0,196.528735632,11.0,"[1.0, 1.79]"
BB3:GBX+E6,2.5,2.5,  2.56,8486.0,57.0,297.754385965,11.0,"[1.0, 1.79]"
BB3:GBX+E6,3,3,  2.34,7775.0,37.0,420.27027027,11.0,"[1.0, 1.79]"
BB3:GBX-R,3,1.5,  2.36,1277.0,52.0,49.1153846154,11.0,"[1.0, 2.069]"
BB3:GBX-TN+0.3E6,1,0.5,  2.13,4232.0,421.0,20.1045130641,11.0,"[1.862, 5.255, 1.0]"
BB3:GBX-TN+0.3E6,1.5,0.75,  2.34,3833.0,309.0,24.8090614887,11.0,"[1.862, 5.255, 1.0]"
BB3:GBX-TN+0.3E6,2,1.0,  2.52,3261.0,203.0,32.1280788177,11.0,"[1.862, 5.255, 1.0]"
BB3:GBX-TN+0.3E6,4,2.0,  2.03,623.0,18.0,69.2222222222,11.0,"[1.862, 5.255, 1.0]"
BB3:GBX-TN+E6,1,0.5,  2.59,6619.0,481.0,27.5218295218,11.0,"[1.0, 2.823, 1.79]"
BB3:GBX-TN+E6,1,0.75,  2.66,7177.0,383.0,37.4778067885,11.0,"[1.0, 2.823, 1.79]"
BB3:GBX-TN+E6,1.5,0.75,  2.89,6190.0,337.0,36.7359050445,11.0,"[1.0, 2.823, 1.79]"
BB3:GBX-TN+E6,1.5,1.125,  2.63,6238.0,261.0,47.8007662835,11.0,"[1.0, 2.823, 1.79]"
BB3:GBX-TN+E6,2,1.0,  2.80,4832.0,223.0,43.33632287,11.0,"[1.0, 2.823, 1.79]"
BB3:GBX-TN+E6,2,1.5,  2.27,4673.0,183.0,51.0710382514,11.0,"[1.0, 2.823, 1.79]"
BB3:GBX-TN+E6,2.5,1.25,  3.15,3708.0,118.0,62.8474576271,11.0,"[1.0, 2.823, 1.79]"
BB3:GBX-TN+E6,3,1.5,  3.96,2975.0,62.0,95.9677419355,11.0,"[1.0, 2.823, 1.79]"
BB3:GBX-TN+E6,3,2.25,  2.70,2997.0,60.0,99.9,11.0,"[1.0, 2.823, 1.79]"
BB3:GBX-TN+E6,3.5,1.75,  3.10,1521.0,28.0,108.642857143,11.0,"[1.0, 2.823, 1.79]"
BB3:GBX-ZB+0.3E6,1,0.5,  2.52,5228.0,449.0,23.2873051225,11.0,"[1.862, 2.928, 1.0]"
BB3:GBX-ZB+0.3E6,1.5,0.75,  2.24,3750.0,299.0,25.0836120401,11.0,"[1.862, 2.928, 1.0]"
BB3:GBX-ZB+0.5E6,1,0.5,  2.32,5026.0,445.0,22.5887640449,11.0,"[1.117, 1.757, 1.0]"
BB3:GBX-ZB+0.5E6,1,0.75,  2.04,4744.0,329.0,28.8389057751,11.0,"[1.117, 1.757, 1.0]"
BB3:GBX-ZB+0.5E6,1.5,0.75,  2.20,3911.0,291.0,26.8797250859,11.0,"[1.117, 1.757, 1.0]"
BB3:GBX-ZB+0.5E6,1.5,1.125,  2.40,4777.0,253.0,37.7628458498,11.0,"[1.117, 1.757, 1.0]"
BB3:GBX-ZB+0.5E6,2,1.0,  2.95,4016.0,202.0,39.7623762376,11.0,"[1.117, 1.757, 1.0]"
BB3:GBX-ZB+0.5E6,2,1.5,  2.46,4145.0,177.0,46.8361581921,11.0,"[1.117, 1.757, 1.0]"
BB3:GBX-ZB+0.5E6,2.5,1.25,  2.09,1956.0,100.0,39.12,11.0,"[1.117, 1.757, 1.0]"
BB3:GBX-ZB+0.75E6,1,0.5,  3.00,7001.0,485.0,28.8701030928,11.0,"[1.0, 1.573, 1.343]"
BB3:GBX-ZB+0.75E6,1,0.75,  2.73,6784.0,377.0,35.9893899204,11.0,"[1.0, 1.573, 1.343]"
BB3:GBX-ZB+0.75E6,1,1,  2.74,8319.0,207.0,80.3768115942,11.0,"[1.0, 1.573, 1.343]"
BB3:GBX-ZB+0.75E6,1.5,0.75,  3.00,5905.0,329.0,35.896656535,11.0,"[1.0, 1.573, 1.343]"
BB3:GBX-ZB+0.75E6,1.5,1.125,  2.56,5631.0,265.0,42.4981132075,11.0,"[1.0, 1.573, 1.343]"
BB3:GBX-ZB+0.75E6,2,1.0,  2.93,4324.0,208.0,41.5769230769,11.0,"[1.0, 1.573, 1.343]"
BB3:GBX-ZB+0.75E6,2,1.5,  2.35,4239.0,173.0,49.0057803468,11.0,"[1.0, 1.573, 1.343]"
BB3:GBX-ZB+0.75E6,2.5,1.25,  2.41,2532.0,112.0,45.2142857143,11.0,"[1.0, 1.573, 1.343]"
BB3:GBX-ZB+E6,1,0.5,  3.19,8405.0,515.0,32.640776699,11.0,"[1.0, 1.573, 1.79]"
BB3:GBX-ZB+E6,1,0.75,  2.94,8182.0,401.0,40.8079800499,11.0,"[1.0, 1.573, 1.79]"
BB3:GBX-ZB+E6,1,1,  2.82,9566.0,207.0,92.4251207729,11.0,"[1.0, 1.573, 1.79]"
BB3:GBX-ZB+E6,1.5,0.75,  2.90,6333.0,336.0,37.6964285714,11.0,"[1.0, 1.573, 1.79]"
BB3:GBX-ZB+E6,1.5,1.125,  2.29,5578.0,253.0,44.0948616601,11.0,"[1.0, 1.573, 1.79]"
BB3:GBX-ZB+E6,2,1.0,  2.62,4362.0,210.0,41.5428571429,11.0,"[1.0, 1.573, 1.79]"
BB3:GBX-ZB+E6,2,1.5,  2.19,4409.0,172.0,51.2674418605,11.0,"[1.0, 1.573, 1.79]"
BB3:GBX-ZB+E6,2.5,1.25,  2.26,2749.0,118.0,46.593220339,11.0,"[1.0, 1.573, 1.79]"
BB3:GBX-ZN+0.3E6,1,0.5,  2.36,5118.0,449.0,22.7973273942,11.0,"[1.862, 7.508, 1.0]"
BB3:GBX-ZN+0.3E6,1.5,0.75,  2.68,4840.0,327.0,29.6024464832,11.0,"[1.862, 7.508, 1.0]"
BB3:GBX-ZN+0.3E6,1.5,1.125,  2.07,4245.0,265.0,32.0377358491,11.0,"[1.862, 7.508, 1.0]"
BB3:GBX-ZN+E6,1,0.5,  2.37,6394.0,473.0,27.0359408034,11.0,"[1.0, 4.032, 1.79]"
BB3:GBX-ZN+E6,1,0.75,  2.12,6105.0,379.0,32.2163588391,11.0,"[1.0, 4.032, 1.79]"
BB3:GBX-ZN+E6,1.5,0.75,  2.51,5766.0,341.0,33.8181818182,11.0,"[1.0, 4.032, 1.79]"
BB3:GBX-ZN+E6,1.5,1.125,  2.33,5851.0,275.0,42.5527272727,11.0,"[1.0, 4.032, 1.79]"
BB3:GBX-ZN+E6,2,1.0,  2.06,3707.0,213.0,34.8075117371,11.0,"[1.0, 4.032, 1.79]"
BB3:GBX-ZN+E6,2.5,1.25,  3.01,3782.0,131.0,57.7404580153,11.0,"[1.0, 4.032, 1.79]"
BB3:GBX-ZN+E6,3,1.5,  3.45,2872.0,66.0,87.0303030303,11.0,"[1.0, 4.032, 1.79]"
BB3:GBX-ZN+E6,3,2.25,  2.07,2593.0,61.0,85.0163934426,11.0,"[1.0, 4.032, 1.79]"
BB3:GBX-ZN+E6,3.5,1.75,  2.44,1196.0,22.0,108.727272727,11.0,"[1.0, 4.032, 1.79]"
BB3:GC+ICEDX,1.5,0.75,  2.42,4283.0,371.0,23.0889487871,5.0,"[1.0, 1.905]"
BB3:GC-E6,2,1.5,  2.26,4074.0,196.0,41.5714285714,5.0,"[1.0, 1.138]"
BB3:GC-E6,2.5,1.875,  2.30,3236.0,124.0,52.1935483871,5.0,"[1.0, 1.138]"
BB3:GC-ZB,2,1.0,  2.12,4613.0,252.0,36.6111111111,5.0,"[1.0, 1.0]"
BB3:HG-A6,1,0.5,  2.06,5157.0,556.0,18.5503597122,8.0,"[1.0, 2.184]"
BB3:HG-E6,3,1.5,  2.21,2108.0,84.0,50.1904761905,8.0,"[1.0, 1.387]"
BB3:HG-E6,3.5,1.75,  2.20,1516.0,44.0,68.9090909091,8.0,"[1.0, 1.387]"
BB3:HG-E6,4,2.0,  2.40,1080.0,22.0,98.1818181818,8.0,"[1.0, 1.387]"
BB3:HG-E6,4,3.0,  2.11,1374.0,22.0,124.909090909,8.0,"[1.0, 1.387]"
BB3:HG-ESX,3,1.5,  2.34,1740.0,48.0,72.5,10.0,"[1.0, 2.006]"
BB3:HG-ESX,3.5,1.75,  2.21,854.0,18.0,94.8888888889,10.0,"[1.0, 2.006]"
BB3:HG-GC,2,1.0,  2.62,4769.0,262.0,36.4045801527,8.0,"[1.0, 1.219]"
BB3:HG-GC,2,1.5,  2.28,4946.0,214.0,46.2242990654,8.0,"[1.0, 1.219]"
BB3:HG-GC,2.5,1.25,  2.28,3175.0,152.0,41.7763157895,8.0,"[1.0, 1.219]"
BB3:HG-GC,2.5,1.875,  2.11,3708.0,138.0,53.7391304348,8.0,"[1.0, 1.219]"
BB3:HG-GC,3,1.5,  2.39,2555.0,100.0,51.1,8.0,"[1.0, 1.219]"
BB3:HG-M6,3.5,1.75,  2.12,1582.0,58.0,54.5517241379,8.0,"[1.0, 4.3]"
BB3:HG-R6,1,0.5,  2.08,7553.0,516.0,29.2751937984,10.0,"[1.0, 3.0]"
BB3:HG-R6,1.5,0.75,  2.53,7964.0,374.0,42.5882352941,10.0,"[1.0, 3.0]"
BB3:HG-R6,2.5,1.875,  2.21,5760.0,132.0,87.2727272727,10.0,"[1.0, 3.0]"
BB3:HG-R6,3,1.5,  2.03,3984.0,92.0,86.6086956522,10.0,"[1.0, 3.0]"
BB3:HG-R6,3.5,1.75,  2.62,4054.0,48.0,168.916666667,10.0,"[1.0, 3.0]"
BB3:HG-R6,3.5,2.625,  2.09,3880.0,46.0,168.695652174,10.0,"[1.0, 3.0]"
BB3:HG-R6,4,2.0,  2.10,2842.0,28.0,203.0,10.0,"[1.0, 3.0]"
BB3:HG-S6,3,2.25,  2.53,3381.0,78.0,86.6923076923,8.0,"[1.0, 1.828]"
BB3:HG-S6,3.5,1.75,  2.32,1670.0,46.0,72.6086956522,8.0,"[1.0, 1.828]"
BB3:HG-S6,3.5,2.625,  2.20,2204.0,44.0,100.181818182,8.0,"[1.0, 1.828]"
BB3:HG-S6,4,3.0,  2.28,1404.0,20.0,140.4,8.0,"[1.0, 1.828]"
BB3:HG-X,2.5,1.25,  2.19,2946.0,124.0,47.5161290323,8.0,"[1.096, 1.0]"
BB3:HG-X,2.5,1.875,  2.25,3762.0,114.0,66.0,8.0,"[1.096, 1.0]"
BB3:HG-X,3,1.5,  2.43,2252.0,70.0,64.3428571429,8.0,"[1.096, 1.0]"
BB3:HG-X,3,2.25,  2.02,2742.0,70.0,78.3428571429,8.0,"[1.096, 1.0]"
BB3:HG-X,3.5,1.75,  2.64,1321.0,30.0,88.0666666667,8.0,"[1.096, 1.0]"
BB3:M6-E6,2.5,1.875,  2.14,3447.0,130.0,53.0307692308,11.0,"[3.099, 1.0]"
BB3:M6-E6,3,2.25,  2.12,2634.0,82.0,64.243902439,11.0,"[3.099, 1.0]"
BB3:M6-E6,3.5,1.75,  2.28,1497.0,44.0,68.0454545455,11.0,"[3.099, 1.0]"
BB3:M6-S6,3,1.5,  2.08,2060.0,86.0,47.9069767442,11.0,"[2.352, 1.0]"
BB3:M6-S6,3,2.25,  2.02,2896.0,84.0,68.9523809524,11.0,"[2.352, 1.0]"
BB3:M6-S6,3.5,1.75,  2.09,1357.0,40.0,67.85,11.0,"[2.352, 1.0]"
BB3:M6-S6,3.5,2.625,  2.65,2239.0,40.0,111.95,11.0,"[2.352, 1.0]"
BB3:M6-S6,4,3.0,  2.79,1594.0,22.0,144.909090909,11.0,"[2.352, 1.0]"
BB3:M6-SI,2.5,1.25,  2.12,3152.0,155.0,40.6709677419,11.0,"[3.381, 1.0]"
BB3:M6-SI,3,1.5,  2.22,2382.0,88.0,54.1363636364,11.0,"[3.381, 1.0]"
BB3:MME+ICEDX,1,1,  2.27,16137.0,191.0,168.97382199,6.0,"[1.0, 1.891]"
BB3:MME+ICEDX,1.5,1.5,  2.53,17962.0,145.0,247.751724138,6.0,"[1.0, 1.891]"
BB3:MME+ICEDX,2,2,  2.33,16601.0,95.0,349.494736842,6.0,"[1.0, 1.891]"
BB3:MME-ESX,1,0.5,  3.00,5285.0,452.0,23.3849557522,6.0,"[1.0, 1.634]"
BB3:MME-ESX,1,0.75,  2.80,5185.0,357.0,29.0476190476,6.0,"[1.0, 1.634]"
BB3:MME-ESX,1,1,  2.01,4574.0,169.0,54.1301775148,6.0,"[1.0, 1.634]"
BB3:MME-ESX,1.5,0.75,  2.78,4137.0,300.0,27.58,6.0,"[1.0, 1.634]"
BB3:MME-ESX,1.5,1.125,  2.53,4216.0,231.0,36.5021645022,6.0,"[1.0, 1.634]"
BB3:MX-C6,1.5,1.125,  2.14,5147.0,253.0,40.6877470356,6.0,"[1.0, 2.258]"
BB3:MX-DF,1,0.5,  3.06,4257.0,448.0,19.0044642857,6.0,"[5.643, 1.0]"
BB3:MX-DF,1,0.75,  3.07,4545.0,336.0,27.0535714286,6.0,"[5.643, 1.0]"
BB3:MX-DF,1,1,  2.16,3764.0,179.0,42.0558659218,6.0,"[5.643, 1.0]"
BB3:MX-DF,1.5,0.75,  3.05,3691.0,324.0,22.7839506173,6.0,"[5.643, 1.0]"
BB3:MX-DF,1.5,1.125,  2.97,3898.0,268.0,29.0895522388,6.0,"[5.643, 1.0]"
BB3:MX-DF,1.5,1.5,  2.31,4030.0,123.0,65.5284552846,6.0,"[5.643, 1.0]"
BB3:MX-DF,2,1.0,  2.28,2246.0,188.0,23.8936170213,6.0,"[5.643, 1.0]"
BB3:MX-DF,2.5,1.25,  2.14,1784.0,124.0,28.7741935484,6.0,"[5.643, 1.0]"
BB3:MX-DF,2.5,1.875,  2.69,2556.0,118.0,43.3220338983,6.0,"[5.643, 1.0]"
BB3:MX-DF,3,1.5,  2.26,1689.0,84.0,40.2142857143,6.0,"[5.643, 1.0]"
BB3:MX-DF,3,2.25,  2.66,2272.0,84.0,54.0952380952,6.0,"[5.643, 1.0]"
BB3:MX-DF,3,3,  2.31,4028.0,45.0,179.022222222,6.0,"[5.643, 1.0]"
BB3:MX-DF,3.5,2.625,  2.07,1518.0,42.0,72.2857142857,6.0,"[5.643, 1.0]"
BB3:MX-ESX,1,0.5,  2.08,2501.0,370.0,13.5189189189,6.0,"[1.0, 1.625]"
BB3:MX-ESX,1.5,0.75,  2.25,2329.0,288.0,16.1736111111,6.0,"[1.0, 1.625]"
BB3:NKD-0.5ES+0.5J6,1.5,1.5,  2.28,4748.0,135.0,70.3407407407,6.0,"[2.455, 1.0, 4.689]"
BB3:NKD-ESX-0.3E6+0.3J6,2,1.0,  2.05,2615.0,216.0,24.212962963,6.0,"[1.216, 4.82, 1.0, 1.394]"
BB3:NKD-ESX-0.3E6+0.3J6,2,1.5,  2.41,3917.0,196.0,39.9693877551,6.0,"[1.216, 4.82, 1.0, 1.394]"
BB3:NKD-ESX-0.5E6+0.5J6,1,0.5,  2.10,4592.0,462.0,19.8787878788,6.0,"[1.0, 3.963, 1.37, 1.91]"
BB3:NKD-ESX-0.5E6+0.5J6,1.5,0.75,  2.01,3655.0,344.0,21.25,6.0,"[1.0, 3.963, 1.37, 1.91]"
BB3:NKD-ESX-0.75E6+0.75J6,1,0.5,  2.09,5308.0,511.0,20.7749510763,6.0,"[1.0, 3.963, 2.056, 2.866]"
BB3:NKD-ESX,1,0.5,  2.18,4224.0,410.0,20.6048780488,6.0,"[1.0, 3.963]"
BB3:NKD-ESX,2,1.0,  2.61,3305.0,234.0,28.2478632479,6.0,"[1.0, 3.963]"
BB3:NKD-ESX,3,2.25,  2.18,1976.0,80.0,49.4,6.0,"[1.0, 3.963]"
BB3:NKD-ESX,4,2.0,  2.03,820.0,28.0,58.5714285714,6.0,"[1.0, 3.963]"
BB3:NKD-MX,1.5,0.75,  2.45,3489.0,288.0,24.2291666667,6.0,"[1.0, 2.438]"
BB3:NKD-MX,2,1.0,  2.84,3146.0,200.0,31.46,6.0,"[1.0, 2.438]"
BB3:NKD-MX,2.5,1.25,  3.07,2372.0,120.0,39.5333333333,6.0,"[1.0, 2.438]"
BB3:NKD-MX,2.5,1.875,  2.35,2490.0,106.0,46.9811320755,6.0,"[1.0, 2.438]"
BB3:NKD-MX,3,1.5,  2.13,1224.0,64.0,38.25,6.0,"[1.0, 2.438]"
BB3:NKD-MX,3,2.25,  2.59,1924.0,62.0,62.064516129,6.0,"[1.0, 2.438]"
BB3:NKD-MX,3.5,2.625,  2.37,1357.0,44.0,61.6818181818,6.0,"[1.0, 2.438]"
BB3:NKD-SXF-0.3C6+0.3J6,1,0.5,  2.44,5023.0,388.0,25.8917525773,6.0,"[1.0, 1.167, 1.652, 1.146]"
BB3:NKD-SXF-0.3C6+0.3J6,1,0.75,  2.53,5477.0,328.0,33.3963414634,6.0,"[1.0, 1.167, 1.652, 1.146]"
BB3:NKD-SXF-0.3C6+0.3J6,1.5,0.75,  2.30,3849.0,288.0,26.7291666667,6.0,"[1.0, 1.167, 1.652, 1.146]"
BB3:NKD-SXF-0.3C6+0.3J6,1.5,1.125,  2.48,4663.0,234.0,39.8547008547,6.0,"[1.0, 1.167, 1.652, 1.146]"
BB3:NKD-X-0.3B6+0.3J6,1.5,0.75,  2.41,3977.0,364.0,21.8516483516,6.0,"[1.0, 1.802, 1.148, 1.146]"
BB3:NKD-X-0.3B6+0.3J6,2,1.0,  2.58,3267.0,232.0,28.1637931034,6.0,"[1.0, 1.802, 1.148, 1.146]"
BB3:NKD-X-0.3B6+0.3J6,2.5,1.25,  2.10,1915.0,132.0,29.0151515152,6.0,"[1.0, 1.802, 1.148, 1.146]"
BB3:NKD-X-0.5B6+0.5J6,1,0.5,  2.09,4377.0,521.0,16.802303263,6.0,"[1.0, 1.802, 1.914, 1.91]"
BB3:NKD-X-0.5B6+0.5J6,1,0.75,  2.49,5483.0,435.0,25.2091954023,6.0,"[1.0, 1.802, 1.914, 1.91]"
BB3:NKD-X-0.5B6+0.5J6,1.5,0.75,  2.48,4265.0,356.0,23.9606741573,6.0,"[1.0, 1.802, 1.914, 1.91]"
BB3:NKD-X-0.5B6+0.5J6,1.5,1.125,  2.01,3905.0,278.0,28.0935251799,6.0,"[1.0, 1.802, 1.914, 1.91]"
BB3:NKD-X-0.5B6+0.5J6,2,1.0,  2.54,3350.0,230.0,29.1304347826,6.0,"[1.0, 1.802, 1.914, 1.91]"
BB3:NKD-X-0.5B6+0.5J6,2,1.5,  2.12,3515.0,192.0,36.6145833333,6.0,"[1.0, 1.802, 1.914, 1.91]"
BB3:NKD-X-B6+J6,1,0.5,  2.32,6656.0,550.0,24.2036363636,6.0,"[1.0, 1.802, 3.827, 3.821]"
BB3:NKD-X,3,1.5,  2.01,1497.0,70.0,42.7714285714,6.0,"[1.0, 1.802]"
BB3:NKD-X,4,2.0,  2.40,596.0,12.0,99.3333333333,6.0,"[1.0, 1.802]"
BB3:OAT-0.7GBL-0.3BTP,4,2.0,  2.54,459.0,16.0,57.375,11.0,"[8.636, 5.221, 1.0]"
BB3:OAT-GBL-0.5DF+0.5MX,1,0.5,  2.54,3754.0,361.0,20.7977839335,11.0,"[22.429, 19.371, 1.0, 5.643]"
BB3:OAT-GBL-0.5DF+0.5MX,1.5,0.75,  2.38,2868.0,259.0,22.1467181467,11.0,"[22.429, 19.371, 1.0, 5.643]"
BB3:OAT-GBL-0.5DF+0.5MX,2,1.0,  2.00,1915.0,172.0,22.2674418605,11.0,"[22.429, 19.371, 1.0, 5.643]"
BB3:OAT-GBL-0.5DF+0.5MX,2,1.5,  2.34,2688.0,155.0,34.6838709677,11.0,"[22.429, 19.371, 1.0, 5.643]"
BB3:OAT-GBL-0.5DF+0.5MX,2.5,1.25,  2.30,1496.0,96.0,31.1666666667,11.0,"[22.429, 19.371, 1.0, 5.643]"
BB3:OAT-GBL-0.5DF+0.5MX,2.5,1.875,  2.36,1967.0,88.0,44.7045454545,11.0,"[22.429, 19.371, 1.0, 5.643]"
BB3:OAT-GBL-0.5DF+0.5MX,3,2.25,  2.48,1507.0,48.0,62.7916666667,11.0,"[22.429, 19.371, 1.0, 5.643]"
BB3:OAT-GBL-0.5DF+0.5MX,3.5,1.75,  2.50,844.0,26.0,64.9230769231,11.0,"[22.429, 19.371, 1.0, 5.643]"
BB3:OAT-GBL-0.5DF+0.5MX,3.5,2.625,  2.63,1175.0,26.0,90.3846153846,11.0,"[22.429, 19.371, 1.0, 5.643]"
BB3:OAT-GBL-0.5DF+0.5MX,4,3.0,  2.93,451.0,8.0,112.75,11.0,"[22.429, 19.371, 1.0, 5.643]"
BB3:OAT-GBL,2.5,1.25,  2.42,1486.0,82.0,36.243902439,15.0,"[1.158, 1.0]"
BB3:OAT-GBL,3,1.5,  2.54,1040.0,44.0,47.2727272727,15.0,"[1.158, 1.0]"
BB3:OAT-R-0.3B6+0.3E6,1.5,1.5,  2.10,4546.0,103.0,88.2718446602,15.0,"[5.893, 3.851, 1.396, 1.0]"
BB3:OAT-R-0.3B6+0.3E6,2,1.0,  2.36,2502.0,149.0,33.5838926174,15.0,"[5.893, 3.851, 1.396, 1.0]"
BB3:OAT-R-0.3B6+0.3E6,2.5,1.25,  2.18,1617.0,80.0,40.425,15.0,"[5.893, 3.851, 1.396, 1.0]"
BB3:OAT-R-0.3B6+0.3E6,3,1.5,  2.13,1032.0,48.0,43.0,15.0,"[5.893, 3.851, 1.396, 1.0]"
BB3:OAT-R-0.5B6+0.5E6,1.5,0.75,  2.53,3694.0,247.0,29.9109311741,15.0,"[3.536, 2.311, 1.396, 1.0]"
BB3:OAT-R-0.5B6+0.5E6,2,1.0,  2.48,2692.0,161.0,33.4409937888,15.0,"[3.536, 2.311, 1.396, 1.0]"
BB3:OAT-R-0.5B6+0.5E6,3,2.25,  2.15,1460.0,44.0,66.3636363636,15.0,"[3.536, 2.311, 1.396, 1.0]"
BB3:OAT-R-0.5B6+0.5E6,3.5,2.625,  2.04,1060.0,26.0,81.5384615385,15.0,"[3.536, 2.311, 1.396, 1.0]"
BB3:OAT-R-0.5X+0.5MX,2.5,2.5,  2.49,6130.0,53.0,231.320754717,15.0,"[5.377, 3.514, 1.0, 1.353]"
BB3:OAT-ZN+0.5E6,2,1.0,  2.02,2954.0,187.0,31.5935828877,15.0,"[3.536, 4.505, 1.0]"
BB3:OIL+ZN,4,4,  2.00,8256.0,19.0,869.052631579,6.0,"[1.0, 5.917]"
BB3:PA-HG,1,0.5,  2.38,6671.0,556.0,23.9964028777,6.0,"[1.0, 2.038]"
BB3:PA-HG,1,0.75,  2.25,6791.0,414.0,32.806763285,6.0,"[1.0, 2.038]"
BB3:PA-HG,1.5,0.75,  2.15,5017.0,378.0,26.544973545,6.0,"[1.0, 2.038]"
BB3:PA-HG,1.5,1.125,  2.05,5345.0,302.0,35.3973509934,6.0,"[1.0, 2.038]"
BB3:PA-HG,1.5,1.5,  2.09,7528.0,141.0,106.780141844,6.0,"[1.0, 2.038]"
BB3:PA-HG,2,2,  3.00,10798.0,117.0,184.581196581,6.0,"[1.0, 2.038]"
BB3:PA-HG,2.5,2.5,  2.03,7242.0,73.0,198.410958904,6.0,"[1.0, 2.038]"
BB3:PA-PL,4,4,  2.29,7373.0,19.0,776.105263158,6.0,"[1.0, 3.968]"
BB3:PA-Z6,1,0.5,  2.68,9755.0,651.0,29.9692780338,6.0,"[1.0, 4.395]"
BB3:PA-Z6,1,0.75,  2.02,7654.0,457.0,33.4967177243,6.0,"[1.0, 4.395]"
BB3:PA-Z6,1.5,0.75,  2.56,8055.0,441.0,36.5306122449,6.0,"[1.0, 4.395]"
BB3:PA-Z6,2,1.0,  2.59,6845.0,297.0,46.0942760943,6.0,"[1.0, 4.395]"
BB3:PA-Z6,2,1.5,  2.10,6504.0,233.0,55.8283261803,6.0,"[1.0, 4.395]"
BB3:PA-Z6,4,2.0,  2.20,2963.0,50.0,118.52,6.0,"[1.0, 4.395]"
BB3:PL-B6,1,1,  2.13,7168.0,201.0,71.3233830846,10.0,"[1.005, 1.0]"
BB3:PL-B6,3,2.25,  2.13,2784.0,69.0,80.6956521739,10.0,"[1.005, 1.0]"
BB3:PL-B6,3.5,1.75,  2.01,1537.0,40.0,76.85,10.0,"[1.005, 1.0]"
BB3:PL-B6,3.5,2.625,  2.05,1969.0,40.0,98.45,10.0,"[1.005, 1.0]"
BB3:PL-E6,3,1.5,  2.22,2137.0,96.0,44.5208333333,6.0,"[1.403, 1.0]"
BB3:PL-HG,1,0.5,  2.09,5294.0,499.0,21.2184368737,10.0,"[1.947, 1.0]"
BB3:PL-HG,1,1,  2.25,7079.0,203.0,69.7438423645,10.0,"[1.947, 1.0]"
BB3:PL-HG,1.5,0.75,  2.54,5463.0,348.0,31.3965517241,10.0,"[1.947, 1.0]"
BB3:PL-HG,2,1.0,  2.75,4582.0,232.0,39.5,10.0,"[1.947, 1.0]"
BB3:PL-HG,2.5,1.25,  2.25,2890.0,144.0,40.1388888889,10.0,"[1.947, 1.0]"
BB3:PL-Z6,1,0.5,  2.63,8813.0,621.0,28.383252818,6.0,"[1.0, 1.108]"
BB3:PL-Z6,1,0.75,  2.19,7645.0,451.0,33.9024390244,6.0,"[1.0, 1.108]"
BB3:PL-Z6,1.5,0.75,  2.14,6247.0,393.0,31.7913486005,6.0,"[1.0, 1.108]"
BB3:PL-Z6,2,1.0,  2.64,6641.0,282.0,47.0992907801,6.0,"[1.0, 1.108]"
BB3:PL-Z6,2.5,1.25,  2.58,5147.0,156.0,65.9871794872,6.0,"[1.0, 1.108]"
BB3:PL-Z6,3.5,2.625,  2.24,3097.0,50.0,123.88,6.0,"[1.0, 1.108]"
BB3:R+0.5B6,1,0.5,  3.34,6758.0,495.0,27.3050505051,6.0,"[1.655, 1.0]"
BB3:R+0.5B6,1,0.75,  2.64,5711.0,377.0,30.2970822281,6.0,"[1.655, 1.0]"
BB3:R+0.5B6,1.5,0.75,  2.90,4943.0,325.0,30.4184615385,6.0,"[1.655, 1.0]"
BB3:R+0.5B6,1.5,1.125,  2.80,5277.0,265.0,39.8264150943,6.0,"[1.655, 1.0]"
BB3:R+0.5B6,1.5,1.5,  2.17,5695.0,125.0,91.12,6.0,"[1.655, 1.0]"
BB3:R+0.5B6,2,1.0,  2.57,3372.0,208.0,32.4230769231,6.0,"[1.655, 1.0]"
BB3:R+0.5B6,2,1.5,  2.90,4519.0,180.0,50.2111111111,6.0,"[1.655, 1.0]"
BB3:R+0.5B6,2.5,1.875,  2.01,2494.0,104.0,47.9615384615,6.0,"[1.655, 1.0]"
BB3:R+B6,1,0.5,  3.18,7547.0,479.0,31.5114822547,6.0,"[1.0, 1.209]"
BB3:R+B6,1,0.75,  2.53,6389.0,347.0,36.8242074928,6.0,"[1.0, 1.209]"
BB3:R+B6,1,1,  2.12,6625.0,173.0,76.5895953757,6.0,"[1.0, 1.209]"
BB3:R+B6,1.5,0.75,  3.18,6248.0,345.0,36.2202898551,6.0,"[1.0, 1.209]"
BB3:R+B6,1.5,1.125,  2.79,6127.0,251.0,48.8207171315,6.0,"[1.0, 1.209]"
BB3:R+B6,2,1.0,  2.59,3899.0,204.0,38.2254901961,6.0,"[1.0, 1.209]"
BB3:R+B6,2,1.5,  2.33,4196.0,162.0,51.8024691358,6.0,"[1.0, 1.209]"
BB3:R+B6,2.5,1.875,  2.01,2934.0,100.0,58.68,6.0,"[1.0, 1.209]"
BB3:R+B6,3,1.5,  3.52,2456.0,60.0,81.8666666667,6.0,"[1.0, 1.209]"
BB3:R+B6,3,2.25,  3.78,3645.0,60.0,121.5,6.0,"[1.0, 1.209]"
BB3:R+B6,3.5,1.75,  2.45,1325.0,30.0,88.3333333333,6.0,"[1.0, 1.209]"
BB3:R+B6,3.5,2.625,  2.66,1920.0,30.0,128.0,6.0,"[1.0, 1.209]"
BB3:R+B6,4,3.0,  2.10,1046.0,16.0,130.75,6.0,"[1.0, 1.209]"
BB3:R+X+B6,3.5,2.625,  2.03,1534.0,30.0,102.266666667,6.0,"[1.757, 1.0, 2.123]"
BB3:R+X-TS-YAP+B6-A6,1,0.5,  3.14,11699.0,444.0,52.6981981982,6.0,"[1.907, 1.086, 4.297, 1.0, 2.305, 2.599]"
BB3:R+X-TS-YAP+B6-A6,1,0.75,  2.17,8599.0,316.0,54.4240506329,6.0,"[1.907, 1.086, 4.297, 1.0, 2.305, 2.599]"
BB3:R+X-TS-YAP+B6-A6,1.5,0.75,  2.47,7409.0,266.0,55.7067669173,6.0,"[1.907, 1.086, 4.297, 1.0, 2.305, 2.599]"
BB3:R-E6,3.5,1.75,  2.06,1668.0,48.0,69.5,6.0,"[1.155, 1.0]"
BB3:R-J6+0.5X-0.5NKD,3.5,3.5,  2.33,7514.0,23.0,653.391304348,6.0,"[6.333, 7.642, 1.802, 1.0]"
BB3:R-US7Y+0.3B6,1,0.5,  2.10,4509.0,371.0,24.307277628,11.0,"[4.347, 1.0, 1.576]"
BB3:R-ZF,2,1.0,  2.02,2703.0,166.0,32.5662650602,13.0,"[1.0, 3.146]"
BB3:R-ZF,2,2,  2.55,6809.0,85.0,160.211764706,13.0,"[1.0, 3.146]"
BB3:R-ZN+0.3B6-0.3ES,1,0.5,  2.05,4309.0,400.0,21.545,11.0,"[12.955, 25.253, 4.697, 1.0]"
BB3:R-ZN+0.3B6-0.3ES,3.5,2.625,  2.02,1530.0,42.0,72.8571428571,11.0,"[12.955, 25.253, 4.697, 1.0]"
BB3:R-ZN,2.5,2.5,  2.03,5465.0,49.0,223.06122449,20.0,"[1.0, 1.949]"
BB3:R6-Z6,1,0.5,  2.42,9931.0,444.0,44.7342342342,15.0,"[1.391, 1.0]"
BB3:R6-Z6,1.5,0.75,  2.36,8568.0,318.0,53.8867924528,15.0,"[1.391, 1.0]"
BB3:R6-Z6,2,1.0,  2.40,7389.0,218.0,67.7889908257,15.0,"[1.391, 1.0]"
BB3:R6-Z6,2,1.5,  2.23,7741.0,196.0,78.9897959184,15.0,"[1.391, 1.0]"
BB3:R6-Z6,3,2.25,  2.14,5697.0,86.0,132.488372093,15.0,"[1.391, 1.0]"
BB3:R6-Z6,4,2.0,  2.13,3835.0,38.0,201.842105263,15.0,"[1.391, 1.0]"
BB3:RB-C6,1.5,1.5,  2.02,7002.0,143.0,97.9300699301,6.0,"[1.0, 5.61]"
BB3:RB-CL,1,0.5,  2.32,3409.0,448.0,15.21875,6.0,"[1.0, 1.101]"
BB3:RB-CL,1.5,0.75,  2.05,2461.0,296.0,16.6283783784,6.0,"[1.0, 1.101]"
BB3:RB-CL,1.5,1.125,  2.13,2897.0,238.0,24.3445378151,6.0,"[1.0, 1.101]"
BB3:RB-CL,1.5,1.5,  2.31,4388.0,117.0,75.0085470085,6.0,"[1.0, 1.101]"
BB3:RB-HG,4,4,  2.18,7757.0,17.0,912.588235294,6.0,"[1.0, 2.013]"
BB3:RB-ZW,1.5,0.75,  2.01,5392.0,330.0,32.6787878788,6.0,"[1.0, 6.176]"
BB3:RB-ZW,2,1.0,  3.09,6216.0,228.0,54.5263157895,6.0,"[1.0, 6.176]"
BB3:RB-ZW,2,1.5,  2.02,5143.0,184.0,55.902173913,6.0,"[1.0, 6.176]"
BB3:SI-C6,4,2.0,  2.27,1143.0,28.0,81.6428571429,8.0,"[1.0, 2.192]"
BB3:SI-M6,3,1.5,  2.13,2305.0,92.0,50.1086956522,8.0,"[1.0, 3.381]"
BB3:SXF+0.5C6+0.5M6,3.5,1.75,  2.07,1601.0,36.0,88.9444444444,11.0,"[1.0, 2.36, 3.64]"
BB3:SXF+0.5C6+0.5M6,4,3.0,  2.48,1655.0,18.0,183.888888889,11.0,"[1.0, 2.36, 3.64]"
BB3:SXF+C6,2.5,1.25,  2.07,3545.0,126.0,56.2698412698,11.0,"[1.0, 4.72]"
BB3:SXF+C6,2.5,1.875,  2.35,5201.0,116.0,89.6724137931,11.0,"[1.0, 4.72]"
BB3:SXF+C6,4,2.0,  2.13,1003.0,14.0,143.285714286,11.0,"[1.0, 4.72]"
BB3:SXF-0.5CL-0.5C6,3.5,3.5,  2.27,6188.0,13.0,952.0,11.0,"[2.16, 1.0, 5.097]"
BB3:SXF-0.5CL-0.5C6,4,4,  2.28,5806.0,5.0,2322.4,11.0,"[2.16, 1.0, 5.097]"
BB3:SXF-C6,2,2,  2.02,7155.0,77.0,185.844155844,11.0,"[1.0, 4.72]"
BB3:SXF-DF,2.5,1.875,  2.31,2874.0,102.0,56.3529411765,11.0,"[2.7, 1.0]"
BB3:SXF-DF,3,2.25,  2.62,2239.0,54.0,82.9259259259,11.0,"[2.7, 1.0]"
BB3:SXF-ES+0.3C6,1,0.75,  2.10,4331.0,348.0,24.8908045977,5.0,"[1.432, 1.0, 2.027]"
BB3:SXF-ES+0.5C6,1,0.5,  2.81,5811.0,398.0,29.2010050251,10.0,"[1.432, 1.0, 3.379]"
BB3:SXF-ES+0.5C6,1,0.75,  2.67,5852.0,321.0,36.46105919,10.0,"[1.432, 1.0, 3.379]"
BB3:SXF-ES+0.5C6,1,1,  2.52,6671.0,179.0,74.5363128492,10.0,"[1.432, 1.0, 3.379]"
BB3:SXF-ES+0.5C6,1.5,1.125,  2.20,4224.0,214.0,39.476635514,10.0,"[1.432, 1.0, 3.379]"
BB3:SXF-ES,3,2.25,  2.02,1650.0,58.0,56.8965517241,5.0,"[1.432, 1.0]"
BB3:SXF-NKD-0.3J6+0.3C6,1,0.5,  2.14,4414.0,336.0,26.2738095238,11.0,"[1.167, 1.0, 1.146, 1.652]"
BB3:SXF-NKD-0.3J6+0.3C6,1,0.75,  2.18,4755.0,276.0,34.4565217391,11.0,"[1.167, 1.0, 1.146, 1.652]"
BB3:SXF-NKD-0.3J6+0.3C6,1.5,0.75,  2.12,3559.0,250.0,28.472,11.0,"[1.167, 1.0, 1.146, 1.652]"
BB3:SXF-NKD-0.3J6+0.3C6,1.5,1.125,  2.38,4463.0,210.0,42.5047619048,11.0,"[1.167, 1.0, 1.146, 1.652]"
BB3:SXF-NKD,1,1,  2.14,5634.0,157.0,71.7707006369,11.0,"[1.167, 1.0]"
BB3:SXF-NKD,1.5,1.125,  2.01,3807.0,205.0,37.1414634146,11.0,"[1.167, 1.0]"
BB3:SXF-NKD,1.5,1.5,  2.11,5552.0,113.0,98.2654867257,11.0,"[1.167, 1.0]"
BB3:SXF-NQ,2.5,2.5,  2.80,7260.0,49.0,296.326530612,11.0,"[1.766, 1.0]"
BB3:SXF-RB,3.5,1.75,  2.15,1215.0,34.0,71.4705882353,11.0,"[1.189, 1.0]"
BB3:SXF-RTY,1,0.5,  2.34,4574.0,398.0,22.9849246231,11.0,"[1.0, 1.132]"
BB3:SXF-RTY,1,0.75,  2.01,4309.0,304.0,28.3486842105,11.0,"[1.0, 1.132]"
BB3:SXF-RTY,1.5,0.75,  2.03,3228.0,268.0,24.0895522388,11.0,"[1.0, 1.132]"
BB3:SXF-RTY,1.5,1.125,  2.22,4022.0,220.0,36.5636363636,11.0,"[1.0, 1.132]"
BB3:TS+HG-GC+E6,2,1.0,  2.26,6194.0,180.0,68.8222222222,26.0,"[3.612, 1.0, 1.219, 1.387]"
BB3:TS+HG-GC+E6,2.5,1.875,  2.15,5084.0,86.0,118.23255814,26.0,"[3.612, 1.0, 1.219, 1.387]"
BB3:TS-CGB-0.3C6+0.3A6,1.5,0.75,  2.08,4924.0,208.0,47.3461538462,26.0,"[5.513, 3.853, 1.276, 1.0]"
BB3:TS-CGB-0.5C6+0.5A6,2,1.0,  2.46,4487.0,146.0,61.4657534247,26.0,"[3.308, 2.312, 1.276, 1.0]"
BB3:TS-GBL-0.3E6+0.3A6,1.5,0.75,  2.38,6112.0,207.0,59.0531400966,26.0,"[8.679, 5.09, 1.0, 1.574]"
BB3:TS-GBL-0.3E6+0.3A6,2,1.0,  2.37,4652.0,142.0,65.5211267606,26.0,"[8.679, 5.09, 1.0, 1.574]"
BB3:TS-GBL-0.5E6+0.5A6,1.5,0.75,  2.22,5704.0,210.0,54.3238095238,26.0,"[5.207, 3.054, 1.0, 1.574]"
BB3:TS-GBL-0.5E6+0.5A6,2,1.0,  2.51,4906.0,148.0,66.2972972973,26.0,"[5.207, 3.054, 1.0, 1.574]"
BB3:TS-GBL-0.5E6+0.5A6,2.5,1.25,  2.11,3219.0,96.0,67.0625,26.0,"[5.207, 3.054, 1.0, 1.574]"
BB3:TS-GBL-0.75E6+0.3A6,1.5,0.75,  2.31,6067.0,222.0,54.6576576577,26.0,"[5.513, 3.233, 1.588, 1.0]"
BB3:TS-GBL-0.75E6+0.3A6,2,1.0,  2.19,4522.0,150.0,60.2933333333,26.0,"[5.513, 3.233, 1.588, 1.0]"
BB3:TS-GBL-0.75E6+0.3A6,2.5,1.25,  2.16,3496.0,104.0,67.2307692308,26.0,"[5.513, 3.233, 1.588, 1.0]"
BB3:TS-GBL-0.75E6+0.3A6,2.5,1.875,  2.34,4715.0,102.0,92.4509803922,26.0,"[5.513, 3.233, 1.588, 1.0]"
BB3:TS-GBL,2,1.0,  2.27,4636.0,157.0,59.0573248408,26.0,"[1.705, 1.0]"
BB3:TS-OAT-0.3E6+0.3A6,1,0.5,  2.15,6400.0,247.0,51.8218623482,26.0,"[8.679, 5.893, 1.0, 1.574]"
BB3:TS-OAT-0.3E6+0.3A6,1.5,0.75,  2.62,6209.0,203.0,61.1724137931,26.0,"[8.679, 5.893, 1.0, 1.574]"
BB3:TS-OAT-0.3E6+0.3A6,2,1.0,  2.83,5016.0,147.0,68.2448979592,26.0,"[8.679, 5.893, 1.0, 1.574]"
BB3:TS-OAT-0.3E6+0.3A6,2,1.5,  2.15,5153.0,123.0,83.7886178862,26.0,"[8.679, 5.893, 1.0, 1.574]"
BB3:TS-OAT-MX+YAP,1.5,0.75,  2.19,7022.0,223.0,62.9775784753,26.0,"[4.297, 2.918, 1.468, 1.0]"
BB3:TS-R-0.5B6+0.5A6,1.5,0.75,  2.51,5838.0,206.0,56.6796116505,26.0,"[3.729, 1.655, 1.0, 1.127]"
BB3:TS-R-0.5B6+0.5A6,2,1.0,  2.11,4027.0,152.0,52.9868421053,26.0,"[3.729, 1.655, 1.0, 1.127]"
BB3:TS-R-B6+A6,1.5,0.75,  2.17,5755.0,219.0,52.5570776256,26.0,"[2.253, 1.0, 1.209, 1.363]"
BB3:TS-R-B6+A6,2,1.0,  2.35,4879.0,155.0,62.9548387097,26.0,"[2.253, 1.0, 1.209, 1.363]"
BB3:TS-R-B6+A6,2,1.5,  2.19,5456.0,131.0,83.2977099237,26.0,"[2.253, 1.0, 1.209, 1.363]"
BB3:TS-ZN+0.3A6-0.3ES,1.5,0.75,  2.13,6523.0,251.0,51.9760956175,26.0,"[29.192, 25.253, 5.295, 1.0]"
BB3:TS-ZN+0.3A6-0.3ES,2,1.0,  2.28,5578.0,175.0,63.7485714286,26.0,"[29.192, 25.253, 5.295, 1.0]"
BB3:TS-ZN+0.3A6-0.3ES,2.5,1.25,  2.01,3302.0,94.0,70.2553191489,26.0,"[29.192, 25.253, 5.295, 1.0]"
BB3:US3Y-ZN-YS+TS,1.5,0.75,  2.29,9108.0,271.0,67.2177121771,26.0,"[1.0, 3.571, 14.354, 4.129]"
BB3:VS2_3+E6,1,0.5,  2.64,17890.0,285.0,125.543859649,55.0,You don't have VS2_3 in the database
BB3:VS2_3+E6,1.5,0.75,  3.86,20958.0,258.0,162.465116279,55.0,You don't have VS2_3 in the database
BB3:VS2_3+E6,2,1.0,  3.09,13758.0,176.0,156.340909091,55.0,You don't have VS2_3 in the database
BB3:VS2_3+E6,2,1.5,  2.04,11696.0,132.0,177.212121212,55.0,You don't have VS2_3 in the database
BB3:VS2_3+E6,2.5,1.25,  2.08,7293.0,90.0,162.066666667,55.0,You don't have VS2_3 in the database
BB3:VS2_3+E6,2.5,1.875,  2.35,10080.0,84.0,240.0,55.0,You don't have VS2_3 in the database
BB3:VS2_3+E6,3.5,1.75,  2.14,4447.0,18.0,494.111111111,55.0,You don't have VS2_3 in the database
BB3:VS2_3+E6,4,2.0,  2.08,3042.0,8.0,760.5,55.0,You don't have VS2_3 in the database
BB3:VX+1.25ES,1,0.5,  3.01,8584.0,606.0,28.3300330033,8.0,"[1.818, 1.0]"
BB3:VX+1.25ES,1.5,0.75,  2.39,5795.0,398.0,29.1206030151,8.0,"[1.818, 1.0]"
BB3:VX+1.25ES,1.5,1.125,  2.01,5375.0,307.0,35.016286645,8.0,"[1.818, 1.0]"
BB3:VX+1.25ES,2,1.0,  2.33,4724.0,276.0,34.231884058,8.0,"[1.818, 1.0]"
BB3:VX+1.25ES,2,1.5,  2.22,5310.0,234.0,45.3846153846,8.0,"[1.818, 1.0]"
BB3:VX+1.25ES,3.5,2.625,  2.04,2879.0,64.0,89.96875,8.0,"[1.818, 1.0]"
BB3:VX+1.5ES,1,0.5,  2.52,7702.0,604.0,25.5033112583,8.0,"[1.515, 1.0]"
BB3:VX+ES,1,0.5,  2.86,8061.0,598.0,26.9598662207,8.0,"[2.273, 1.0]"
BB3:VX+ES,1.5,0.75,  2.67,6501.0,410.0,31.712195122,8.0,"[2.273, 1.0]"
BB3:VX+ES,1.5,1.125,  2.11,5663.0,301.0,37.6279069767,8.0,"[2.273, 1.0]"
BB3:VX+ES,2,1.5,  2.02,4641.0,216.0,42.9722222222,8.0,"[2.273, 1.0]"
BB3:VX+ES,4,3.0,  2.01,2871.0,50.0,114.84,8.0,"[2.273, 1.0]"
BB3:VX+NQ,4,3.0,  2.34,3869.0,52.0,148.807692308,8.0,"[2.804, 1.0]"
BB3:VX-VS-0.5ESX+0.5ES,1.5,0.75,  2.18,6137.0,184.0,66.7065217391,31.0,"[4.545, 52.273, 4.864, 1.0]"
BB3:VX-VS-0.5ESX+0.5ES,2,1.0,  2.16,4896.0,136.0,72.0,31.0,"[4.545, 52.273, 4.864, 1.0]"
BB3:VX-VS-0.5ESX+0.5ES,2.5,1.25,  2.03,3582.0,96.0,74.625,31.0,"[4.545, 52.273, 4.864, 1.0]"
BB3:VX-VS-ESX+ES,1.5,0.75,  2.22,6260.0,208.0,60.1923076923,31.0,"[2.273, 26.136, 4.864, 1.0]"
BB3:VX2+1.5ES,1,0.5,  2.10,7410.0,570.0,26.0,11.0,"[2.121, 1.0]"
BB3:VX2+ES,1,0.5,  2.48,7954.0,462.0,34.4329004329,15.0,"[3.182, 1.0]"
BB3:VX2+ES,1,0.75,  2.08,7565.0,270.0,56.037037037,15.0,"[3.182, 1.0]"
BB3:VX2+ES,1.5,0.75,  2.41,6465.0,342.0,37.8070175439,15.0,"[3.182, 1.0]"
BB3:VX2+ES,1.5,1.125,  2.06,6501.0,232.0,56.0431034483,15.0,"[3.182, 1.0]"
BB3:VX2+ES,2,1.0,  2.56,5475.0,240.0,45.625,15.0,"[3.182, 1.0]"
BB3:VX2+ES,2,1.5,  2.14,5502.0,194.0,56.7216494845,15.0,"[3.182, 1.0]"
BB3:VX2+ES,2.5,1.25,  2.34,3868.0,148.0,52.2702702703,15.0,"[3.182, 1.0]"
BB3:VX2-VS2-0.3ESX+0.3ES,1.5,0.75,  2.07,7016.0,154.0,91.1168831169,40.0,"[10.606, 112.803, 4.864, 1.0]"
BB3:VX2-VS2-0.3ESX+0.3ES,2,1.0,  2.88,6918.0,128.0,108.09375,40.0,"[10.606, 112.803, 4.864, 1.0]"
BB3:VX2-VS2-0.3ESX+0.3ES,2.5,1.25,  3.45,5626.0,82.0,137.219512195,40.0,"[10.606, 112.803, 4.864, 1.0]"
BB3:VX2-VS2-0.3ESX+0.3ES,3,1.5,  2.77,3371.0,44.0,153.227272727,40.0,"[10.606, 112.803, 4.864, 1.0]"
BB3:VX2-VS2-0.3ESX+0.3ES,3.5,1.75,  2.16,1541.0,18.0,171.222222222,40.0,"[10.606, 112.803, 4.864, 1.0]"
BB3:VX2-VS2-0.3ESX+0.3ES,4,2.0,  2.11,995.0,10.0,199.0,40.0,"[10.606, 112.803, 4.864, 1.0]"
BB3:VX2-VS2-0.5ESX+0.5ES,1.5,0.75,  2.50,8629.0,174.0,99.183908046,40.0,"[6.364, 67.682, 4.864, 1.0]"
BB3:VX2-VS2-0.5ESX+0.5ES,2,1.0,  2.40,5434.0,112.0,97.0357142857,40.0,"[6.364, 67.682, 4.864, 1.0]"
BB3:VX2-VS2-0.5ESX+0.5ES,2.5,1.25,  2.83,4274.0,68.0,125.705882353,40.0,"[6.364, 67.682, 4.864, 1.0]"
BB3:VX2-VS2-0.5ESX+0.5ES,3,1.5,  2.32,2386.0,34.0,140.352941176,40.0,"[6.364, 67.682, 4.864, 1.0]"
BB3:VX2-VS2,4,2.0,  2.43,1589.0,12.0,264.833333333,40.0,"[1.0, 10.636]"
BB3:VX2_1+VS1_2,1.5,0.75,  2.02,14591.0,250.0,116.728,50.0,You don't have VX2_1 in the database
BB3:VX2_1-1.75ES,1,0.5,  2.16,12693.0,289.0,87.8408304498,50.0,You don't have VX2_1 in the database
BB3:VX2_1-1.75ES,1.5,0.75,  2.37,12344.0,239.0,103.29707113,50.0,You don't have VX2_1 in the database
BB3:VX2_1-1.75ES,2,1.0,  2.16,9784.0,184.0,106.347826087,50.0,You don't have VX2_1 in the database
BB3:VX2_1-1.75ES,2,1.5,  2.06,10703.0,146.0,146.616438356,50.0,You don't have VX2_1 in the database
BB3:VX3+ES,1,0.5,  2.92,9763.0,500.0,39.052,15.0,"[3.856, 1.0]"
BB3:VX3+ES,1,0.75,  2.14,8113.0,293.0,55.3788395904,15.0,"[3.856, 1.0]"
BB3:VX3+ES,1.5,0.75,  2.61,7235.0,362.0,39.9723756906,15.0,"[3.856, 1.0]"
BB3:VX3+ES,2,1.0,  2.40,5157.0,222.0,46.4594594595,15.0,"[3.856, 1.0]"
BB3:VX3_1+VS1_3,1,0.5,  2.42,21364.0,166.0,257.397590361,100.0,You don't have VS1_3 in the database
BB3:VX3_1+VS1_3,1,0.75,  2.28,21533.0,137.0,314.350364964,100.0,You don't have VS1_3 in the database
BB3:VX3_1-1.5ES,1,0.5,  2.78,14028.0,443.0,63.3318284424,20.0,"[4.778, 1.0]"
BB3:VX3_1-1.5ES,1,0.75,  2.38,12612.0,303.0,83.2475247525,20.0,"[4.778, 1.0]"
BB3:VX3_1-1.5ES,1.5,0.75,  2.74,12572.0,324.0,77.6049382716,20.0,"[4.778, 1.0]"
BB3:VX3_1-1.5ES,1.5,1.125,  2.54,12382.0,252.0,98.2698412698,20.0,"[4.778, 1.0]"
BB3:VX3_1-1.75ES,1,0.5,  3.17,16101.0,537.0,59.9664804469,15.0,"[4.095, 1.0]"
BB3:VX3_1-1.75ES,1,0.75,  3.30,17530.0,407.0,86.1425061425,15.0,"[4.095, 1.0]"
BB3:VX3_1-1.75ES,1,1,  2.54,15470.0,215.0,143.906976744,15.0,"[4.095, 1.0]"
BB3:VX3_1-1.75ES,1.5,0.75,  3.22,14711.0,394.0,74.6751269036,15.0,"[4.095, 1.0]"
BB3:VX3_1-1.75ES,1.5,1.125,  3.04,14804.0,308.0,96.1298701299,15.0,"[4.095, 1.0]"
BB3:VX3_1-1.75ES,1.5,1.5,  2.04,12408.0,135.0,183.822222222,15.0,"[4.095, 1.0]"
BB3:VX3_1-1.75ES,2,1.0,  2.75,11260.0,262.0,85.9541984733,15.0,"[4.095, 1.0]"
BB3:VX3_1-1.75ES,2,1.5,  2.46,10968.0,212.0,103.471698113,15.0,"[4.095, 1.0]"
BB3:VX3_1-1.75ES,2.5,1.25,  2.31,8286.0,184.0,90.0652173913,15.0,"[4.095, 1.0]"
BB3:VX3_1-1.75ES,3,1.5,  2.02,6221.0,122.0,101.983606557,15.0,"[4.095, 1.0]"
BB3:VX3_1-1.75ES,3,2.25,  2.24,7667.0,102.0,150.333333333,15.0,"[4.095, 1.0]"
BB3:VX3_1-2.0ES,1,0.5,  3.17,16255.0,493.0,65.9432048682,20.0,"[3.583, 1.0]"
BB3:VX3_1-2.0ES,1,0.75,  3.10,16788.0,359.0,93.5264623955,20.0,"[3.583, 1.0]"
BB3:VX3_1-2.0ES,1,1,  2.02,12679.0,187.0,135.604278075,20.0,"[3.583, 1.0]"
BB3:VX3_1-2.0ES,1.5,0.75,  3.05,13785.0,356.0,77.4438202247,20.0,"[3.583, 1.0]"
BB3:VX3_1-2.0ES,1.5,1.125,  2.54,12463.0,277.0,89.9855595668,20.0,"[3.583, 1.0]"
BB3:VX3_1-2.0ES,2,1.0,  2.65,10400.0,248.0,83.8709677419,20.0,"[3.583, 1.0]"
BB3:VX3_1-2.0ES,2,1.5,  2.34,10320.0,204.0,101.176470588,20.0,"[3.583, 1.0]"
BB3:VX3_1-2.0ES,2.5,1.25,  2.45,8311.0,160.0,103.8875,20.0,"[3.583, 1.0]"
BB3:VX3_1-2.0ES,2.5,1.875,  2.52,9676.0,146.0,132.547945205,20.0,"[3.583, 1.0]"
BB3:VX3_1-2.0ES,3,1.5,  2.55,7931.0,118.0,134.423728814,20.0,"[3.583, 1.0]"
BB3:VX3_1-2.0ES,3,2.25,  2.66,9169.0,106.0,173.0,20.0,"[3.583, 1.0]"
BB3:VX3_1-2.0ES,3.5,1.75,  2.85,7534.0,68.0,221.588235294,20.0,"[3.583, 1.0]"
BB3:VX3_1-2.0ES,3.5,2.625,  2.64,7937.0,64.0,248.03125,20.0,"[3.583, 1.0]"
BB3:VX3_1-2.0ES,4,3.0,  2.10,5021.0,38.0,264.263157895,20.0,"[3.583, 1.0]"
BB3:VX3_1-2.25ES,1,0.5,  2.79,14441.0,481.0,60.0457380457,20.0,"[3.185, 1.0]"
BB3:VX3_1-2.25ES,1,0.75,  2.54,13818.0,357.0,77.4117647059,20.0,"[3.185, 1.0]"
BB3:VX3_1-2.25ES,1.5,0.75,  3.28,14850.0,372.0,79.8387096774,20.0,"[3.185, 1.0]"
BB3:VX3_1-2.25ES,1.5,1.125,  2.62,12942.0,287.0,90.1881533101,20.0,"[3.185, 1.0]"
BB3:VX3_1-2.25ES,2,1.0,  2.56,9615.0,224.0,85.8482142857,20.0,"[3.185, 1.0]"
BB3:VX3_1-2.25ES,2,1.5,  2.28,10036.0,190.0,105.642105263,20.0,"[3.185, 1.0]"
BB3:VX3_1-2.25ES,2.5,1.25,  2.14,6832.0,154.0,88.7272727273,20.0,"[3.185, 1.0]"
BB3:VX3_1-2.25ES,2.5,1.875,  2.01,7466.0,138.0,108.202898551,20.0,"[3.185, 1.0]"
BB3:VX3_1-2.25ES,3,1.5,  2.03,5436.0,100.0,108.72,20.0,"[3.185, 1.0]"
BB3:VX3_2+VS2_3,1,0.5,  2.20,17536.0,216.0,162.37037037,66.0,You don't have VX3_2 in the database
BB3:VX3_2+VS2_3,1.5,0.75,  2.31,15557.0,186.0,167.279569892,66.0,You don't have VX3_2 in the database
BB3:VX3_2+VS2_3,2,1.0,  2.08,10023.0,134.0,149.597014925,66.0,You don't have VX3_2 in the database
BB3:VX4-VS4,2,1.0,  2.37,7685.0,98.0,156.836734694,66.0,"[1.0, 11.579]"
BB3:VX4_2+VS2_4,1,0.5,  5.24,56524.0,362.0,312.287292818,66.0,You don't have VX4_2 in the database
BB3:VX4_2+VS2_4,1,0.75,  3.82,46001.0,221.0,416.298642534,66.0,You don't have VX4_2 in the database
BB3:VX4_2+VS2_4,1,1,  3.48,43064.0,207.0,416.077294686,66.0,You don't have VX4_2 in the database
BB3:VX4_2+VS2_4,1.5,0.75,  5.47,47967.0,310.0,309.464516129,66.0,You don't have VX4_2 in the database
BB3:VX4_2+VS2_4,1.5,1.125,  3.55,38458.0,165.0,466.157575758,66.0,You don't have VX4_2 in the database
BB3:VX4_2+VS2_4,1.5,1.5,  2.40,29643.0,119.0,498.201680672,66.0,You don't have VX4_2 in the database
BB3:VX4_2+VS2_4,2,1.0,  5.04,34315.0,196.0,350.153061224,66.0,You don't have VX4_2 in the database
BB3:VX4_2+VS2_4,2,1.5,  3.85,34797.0,140.0,497.1,66.0,You don't have VX4_2 in the database
BB3:VX4_2+VS2_4,2,2,  2.27,27993.0,91.0,615.230769231,66.0,You don't have VX4_2 in the database
BB3:VX4_2+VS2_4,2.5,1.25,  4.30,24520.0,118.0,415.593220339,66.0,You don't have VX4_2 in the database
BB3:VX4_2+VS2_4,2.5,1.875,  3.38,24010.0,96.0,500.208333333,66.0,You don't have VX4_2 in the database
BB3:VX4_2+VS2_4,3,1.5,  3.78,17849.0,68.0,524.970588235,66.0,You don't have VX4_2 in the database
BB3:VX4_2+VS2_4,3,2.25,  3.16,18574.0,60.0,619.133333333,66.0,You don't have VX4_2 in the database
BB3:VX4_2+VS2_4,3.5,1.75,  3.62,15266.0,50.0,610.64,66.0,You don't have VX4_2 in the database
BB3:VX4_2+VS2_4,3.5,2.625,  3.19,14765.0,46.0,641.956521739,66.0,You don't have VX4_2 in the database
BB3:VX4_2+VS2_4,4,2.0,  3.62,14002.0,40.0,700.1,66.0,You don't have VX4_2 in the database
BB3:VX4_2+VS2_4,4,3.0,  3.03,12874.0,38.0,677.578947368,66.0,You don't have VX4_2 in the database
BB3:VX4_2-VS2_4,1,0.5,  2.69,34632.0,350.0,197.897142857,66.0,You don't have VX4_2 in the database
BB3:VX4_2-VS2_4,1.5,0.75,  3.07,34674.0,308.0,225.155844156,66.0,You don't have VX4_2 in the database
BB3:VX4_2-VS2_4,2,1.0,  2.72,26614.0,202.0,263.504950495,66.0,You don't have VX4_2 in the database
BB3:VX4_2-VS2_4,2,1.5,  2.35,26331.0,166.0,317.240963855,66.0,You don't have VX4_2 in the database
BB3:VX4_2-VS2_4,2.5,1.25,  2.80,23443.0,132.0,355.196969697,66.0,You don't have VX4_2 in the database
BB3:VX4_2-VS2_4,2.5,1.875,  2.53,24087.0,116.0,415.293103448,66.0,You don't have VX4_2 in the database
BB3:VX4_2-VS2_4,3,1.5,  3.02,21567.0,78.0,553.0,66.0,You don't have VX4_2 in the database
BB3:VX4_2-VS2_4,3,2.25,  2.43,20076.0,66.0,608.363636364,66.0,You don't have VX4_2 in the database
BB3:VX4_2-VS2_4,3.5,1.75,  2.60,11909.0,42.0,567.095238095,66.0,You don't have VX4_2 in the database
BB3:VX4_2-VS2_4,4,2.0,  2.27,8717.0,26.0,670.538461538,66.0,You don't have VX4_2 in the database
BB3:VX4_3+VS3_4,1,0.5,  3.25,28267.0,280.0,201.907142857,66.0,You don't have VX4_3 in the database
BB3:VX4_3+VS3_4,1.5,0.75,  2.74,18122.0,206.0,175.941747573,66.0,You don't have VX4_3 in the database
BB3:VX4_3+VS3_4,2,1.0,  2.91,15006.0,154.0,194.883116883,66.0,You don't have VX4_3 in the database
BB3:VX4_3+VS3_4,2,1.5,  2.18,15196.0,116.0,262.0,66.0,You don't have VX4_3 in the database
BB3:VX4_3+VS3_4,2.5,1.25,  2.18,9230.0,100.0,184.6,66.0,You don't have VX4_3 in the database
BB3:VX4_3-VS3_4,1,0.5,  2.02,19639.0,288.0,136.381944444,66.0,You don't have VX4_3 in the database
BB3:VX4_3-VS3_4,1.5,0.75,  2.38,19636.0,238.0,165.008403361,66.0,You don't have VX4_3 in the database
BB3:VX4_3-VS3_4,2,1.0,  2.31,15724.0,172.0,182.837209302,66.0,You don't have VX4_3 in the database
BB3:X+J6,4,4,  2.25,6744.0,9.0,1498.66666667,6.0,"[1.0, 2.12]"
BB3:X-A6,3.5,2.625,  2.52,2314.0,46.0,100.608695652,6.0,"[1.0, 2.394]"
BB3:X-C6,3,1.5,  2.37,2609.0,91.0,57.3406593407,6.0,"[1.0, 3.055]"
BB3:X-DF-0.3E6+0.3B6,1,0.5,  3.40,5659.0,533.0,21.234521576,6.0,"[4.171, 1.0, 1.903, 2.657]"
BB3:X-DF-0.3E6+0.3B6,1,0.75,  2.84,5039.0,397.0,25.3853904282,6.0,"[4.171, 1.0, 1.903, 2.657]"
BB3:X-DF-0.3E6+0.3B6,1.5,0.75,  2.70,3806.0,343.0,22.1924198251,6.0,"[4.171, 1.0, 1.903, 2.657]"
BB3:X-DF-0.3E6+0.3B6,1.5,1.125,  2.62,4103.0,267.0,30.734082397,6.0,"[4.171, 1.0, 1.903, 2.657]"
BB3:X-DF-0.3E6+0.3B6,2,1.0,  3.00,3376.0,237.0,28.4894514768,6.0,"[4.171, 1.0, 1.903, 2.657]"
BB3:X-DF-0.3E6+0.3B6,2,1.5,  2.61,3484.0,195.0,35.7333333333,6.0,"[4.171, 1.0, 1.903, 2.657]"
BB3:X-DF-0.3E6+0.3B6,2.5,1.25,  2.29,2016.0,142.0,28.3943661972,6.0,"[4.171, 1.0, 1.903, 2.657]"
BB3:X-DF-0.3E6+0.3B6,2.5,1.875,  2.15,2407.0,125.0,38.512,6.0,"[4.171, 1.0, 1.903, 2.657]"
BB3:X-DF-0.3E6+0.3B6,3,2.25,  2.20,1950.0,85.0,45.8823529412,6.0,"[4.171, 1.0, 1.903, 2.657]"
BB3:X-DF-0.5E6+0.5B6,1,0.5,  3.44,5914.0,557.0,21.2351885099,6.0,"[4.171, 1.0, 3.171, 4.429]"
BB3:X-DF-0.5E6+0.5B6,1,0.75,  3.11,5703.0,429.0,26.5874125874,6.0,"[4.171, 1.0, 3.171, 4.429]"
BB3:X-DF-0.5E6+0.5B6,1.5,0.75,  2.85,4122.0,361.0,22.836565097,6.0,"[4.171, 1.0, 3.171, 4.429]"
BB3:X-DF-0.5E6+0.5B6,1.5,1.125,  2.72,4337.0,285.0,30.4350877193,6.0,"[4.171, 1.0, 3.171, 4.429]"
BB3:X-DF-0.5E6+0.5B6,2,1.0,  2.81,3285.0,245.0,26.8163265306,6.0,"[4.171, 1.0, 3.171, 4.429]"
BB3:X-DF-0.5E6+0.5B6,2,1.5,  2.82,3884.0,201.0,38.6467661692,6.0,"[4.171, 1.0, 3.171, 4.429]"
BB3:X-DF-E6+0.5B6,1,0.5,  2.34,5360.0,537.0,19.9627560521,6.0,"[4.171, 1.0, 6.343, 4.429]"
BB3:X-DF-E6+0.5B6,1.5,0.75,  2.14,4149.0,376.0,22.0691489362,6.0,"[4.171, 1.0, 6.343, 4.429]"
BB3:X-DF-E6+0.5B6,2,1.0,  2.69,4086.0,256.0,31.921875,6.0,"[4.171, 1.0, 6.343, 4.429]"
BB3:X-DF-E6+0.5B6,2,1.5,  2.54,4742.0,214.0,44.3177570093,6.0,"[4.171, 1.0, 6.343, 4.429]"
BB3:X-DF-E6+0.5B6,3.5,3.5,  2.07,5914.0,21.0,563.238095238,6.0,"[4.171, 1.0, 6.343, 4.429]"
BB3:X-DF,1,0.5,  3.49,6296.0,465.0,27.0795698925,6.0,"[4.171, 1.0]"
BB3:X-DF,1,0.75,  2.66,5107.0,347.0,29.4351585014,6.0,"[4.171, 1.0]"
BB3:X-DF,1,1,  2.19,4992.0,175.0,57.0514285714,6.0,"[4.171, 1.0]"
BB3:X-DF,1.5,0.75,  2.79,4284.0,295.0,29.0440677966,6.0,"[4.171, 1.0]"
BB3:X-DF,2,1.0,  2.70,3248.0,206.0,31.5339805825,6.0,"[4.171, 1.0]"
BB3:X-DF,2,1.5,  2.38,3426.0,165.0,41.5272727273,6.0,"[4.171, 1.0]"
BB3:X-DF,2.5,1.25,  2.77,2488.0,126.0,39.4920634921,6.0,"[4.171, 1.0]"
BB3:X-DF,2.5,1.875,  2.42,2832.0,113.0,50.1238938053,6.0,"[4.171, 1.0]"
BB3:X-DF,3,1.5,  2.51,1712.0,62.0,55.2258064516,6.0,"[4.171, 1.0]"
BB3:X-DF,3,2.25,  2.73,2346.0,62.0,75.6774193548,6.0,"[4.171, 1.0]"
BB3:X-DF,3.5,1.75,  2.01,1065.0,30.0,71.0,6.0,"[4.171, 1.0]"
BB3:X-ESX-0.3E6+0.3B6,1,0.5,  3.07,5188.0,537.0,19.322160149,6.0,"[2.192, 4.82, 1.0, 1.396]"
BB3:X-ESX-0.3E6+0.3B6,1,0.75,  2.71,4837.0,419.0,23.0883054893,6.0,"[2.192, 4.82, 1.0, 1.396]"
BB3:X-ESX-0.3E6+0.3B6,1.5,0.75,  2.52,3521.0,345.0,20.4115942029,6.0,"[2.192, 4.82, 1.0, 1.396]"
BB3:X-ESX-0.3E6+0.3B6,1.5,1.125,  2.50,3896.0,281.0,27.7295373665,6.0,"[2.192, 4.82, 1.0, 1.396]"
BB3:X-ESX-0.5E6+0.5B6,1,0.5,  3.14,5494.0,559.0,19.656529517,6.0,"[1.315, 2.892, 1.0, 1.396]"
BB3:X-ESX-0.5E6+0.5B6,1,0.75,  2.60,4850.0,421.0,23.0403800475,6.0,"[1.315, 2.892, 1.0, 1.396]"
BB3:X-ESX-0.5E6+0.5B6,1.5,0.75,  2.42,3494.0,345.0,20.2550724638,6.0,"[1.315, 2.892, 1.0, 1.396]"
BB3:X-ESX-0.5E6+0.5B6,1.5,1.125,  2.07,3395.0,269.0,25.2416356877,6.0,"[1.315, 2.892, 1.0, 1.396]"
BB3:X-ESX,1,0.5,  2.27,4039.0,339.0,23.8289085546,15.0,"[1.0, 2.199]"
BB3:X-ESX,2,1.5,  2.00,2946.0,163.0,36.1472392638,15.0,"[1.0, 2.199]"
BB3:X-HG,2.5,1.25,  2.14,2877.0,126.0,45.6666666667,6.0,"[1.0, 1.096]"
BB3:X-HG,2.5,1.875,  2.15,3593.0,114.0,63.0350877193,6.0,"[1.0, 1.096]"
BB3:X-HG,3,1.5,  2.82,2588.0,76.0,68.1052631579,6.0,"[1.0, 1.096]"
BB3:X-HG,3.5,1.75,  2.55,1271.0,30.0,84.7333333333,6.0,"[1.0, 1.096]"
BB3:X-NKD-0.3J6+0.3B6,1.5,0.75,  2.41,3977.0,364.0,21.8516483516,6.0,"[1.802, 1.0, 1.146, 1.148]"
BB3:X-NKD-0.3J6+0.3B6,2,1.0,  2.58,3267.0,232.0,28.1637931034,6.0,"[1.802, 1.0, 1.146, 1.148]"
BB3:X-NKD-0.3J6+0.3B6,2.5,1.25,  2.10,1915.0,132.0,29.0151515152,6.0,"[1.802, 1.0, 1.146, 1.148]"
BB3:X-NKD-0.5J6+0.5B6,1,0.5,  2.09,4377.0,521.0,16.802303263,6.0,"[1.802, 1.0, 1.91, 1.914]"
BB3:X-NKD-0.5J6+0.5B6,1,0.75,  2.49,5483.0,435.0,25.2091954023,6.0,"[1.802, 1.0, 1.91, 1.914]"
BB3:X-NKD-0.5J6+0.5B6,1.5,0.75,  2.48,4265.0,356.0,23.9606741573,6.0,"[1.802, 1.0, 1.91, 1.914]"
BB3:X-NKD-0.5J6+0.5B6,1.5,1.125,  2.01,3905.0,278.0,28.0935251799,6.0,"[1.802, 1.0, 1.91, 1.914]"
BB3:X-NKD-0.5J6+0.5B6,2,1.0,  2.54,3353.0,230.0,29.1565217391,6.0,"[1.802, 1.0, 1.91, 1.914]"
BB3:X-NKD-0.5J6+0.5B6,2,1.5,  2.12,3515.0,192.0,36.6145833333,6.0,"[1.802, 1.0, 1.91, 1.914]"
BB3:X-NKD-J6+B6,1,0.5,  2.32,6656.0,550.0,24.2036363636,6.0,"[1.802, 1.0, 3.821, 3.827]"
BB3:X-NKD,3,1.5,  2.01,1497.0,70.0,42.7714285714,6.0,"[1.802, 1.0]"
BB3:X-NKD,4,2.0,  2.40,596.0,12.0,99.3333333333,6.0,"[1.802, 1.0]"
BB3:X,2,1.0,  2.30,3328.0,152.0,43.7894736842,6.0,[1.0]
BB3:XXP-ES,1,0.5,  2.98,25622.0,347.0,147.677233429,20.0,"[9.318, 1.0]"
BB3:XXP-ES,1,0.75,  2.95,26112.0,243.0,214.913580247,20.0,"[9.318, 1.0]"
BB3:XXP-ES,1,1,  2.16,20216.0,189.0,213.925925926,20.0,"[9.318, 1.0]"
BB3:XXP-ES,1.5,0.75,  3.49,28162.0,284.0,198.323943662,20.0,"[9.318, 1.0]"
BB3:XXP-ES,1.5,1.125,  3.46,28925.0,214.0,270.327102804,20.0,"[9.318, 1.0]"
BB3:XXP-ES,1.5,1.5,  2.74,25610.0,133.0,385.112781955,20.0,"[9.318, 1.0]"
BB3:XXP-ES,2,1.0,  3.42,25340.0,204.0,248.431372549,20.0,"[9.318, 1.0]"
BB3:XXP-ES,2,1.5,  3.08,24658.0,166.0,297.084337349,20.0,"[9.318, 1.0]"
BB3:XXP-ES,2,2,  3.08,28792.0,93.0,619.182795699,20.0,"[9.318, 1.0]"
BB3:XXP-ES,2.5,1.25,  2.85,20352.0,116.0,350.896551724,20.0,"[9.318, 1.0]"
BB3:XXP-ES,2.5,1.875,  2.73,20493.0,106.0,386.660377358,20.0,"[9.318, 1.0]"
BB3:XXP-ES,2.5,2.5,  2.05,19162.0,47.0,815.404255319,20.0,"[9.318, 1.0]"
BB3:XXP-ES,3,1.5,  3.67,23170.0,84.0,551.666666667,20.0,"[9.318, 1.0]"
BB3:XXP-ES,3,2.25,  3.67,23392.0,80.0,584.8,20.0,"[9.318, 1.0]"
BB3:XXP-ES,3,3,  2.34,21891.0,27.0,1621.55555556,20.0,"[9.318, 1.0]"
BB3:XXP-ES,3.5,1.75,  3.34,20819.0,58.0,717.896551724,20.0,"[9.318, 1.0]"
BB3:XXP-ES,3.5,2.625,  3.41,21311.0,58.0,734.862068966,20.0,"[9.318, 1.0]"
BB3:XXP-ES,3.5,3.5,  2.33,21734.0,19.0,2287.78947368,20.0,"[9.318, 1.0]"
BB3:XXP-ES,4,2.0,  3.20,19823.0,44.0,901.045454545,20.0,"[9.318, 1.0]"
BB3:XXP-ES,4,3.0,  3.23,20033.0,44.0,910.590909091,20.0,"[9.318, 1.0]"
BB3:YAP-A6,4,4,  2.21,7311.0,5.0,2924.4,8.0,"[1.0, 2.599]"
BB3:YAP-CL,2.5,2.5,  2.62,9916.0,73.0,271.671232877,8.0,"[1.537, 1.0]"
BB3:YAP-DF-0.5E6+0.5A6,1,0.5,  2.04,5057.0,374.0,27.0427807487,8.0,"[3.843, 1.0, 3.171, 4.993]"
BB3:YAP-DF-0.5E6+0.5A6,1,0.75,  2.00,5252.0,302.0,34.7814569536,8.0,"[3.843, 1.0, 3.171, 4.993]"
BB3:YAP-DF-0.5E6+0.5A6,1.5,0.75,  2.24,4748.0,272.0,34.9117647059,8.0,"[3.843, 1.0, 3.171, 4.993]"
BB3:YAP-DF,1,0.5,  2.62,6318.0,342.0,36.9473684211,8.0,"[3.843, 1.0]"
BB3:YAP-DF,1,0.75,  3.15,8272.0,291.0,56.852233677,8.0,"[3.843, 1.0]"
BB3:YAP-DF,1.5,0.75,  2.48,5108.0,266.0,38.4060150376,8.0,"[3.843, 1.0]"
BB3:YAP-DF,1.5,1.125,  2.63,6139.0,220.0,55.8090909091,8.0,"[3.843, 1.0]"
BB3:YAP-DF,2,1.5,  2.04,4044.0,162.0,49.9259259259,8.0,"[3.843, 1.0]"
BB3:YAP-DF,2,2,  2.62,8140.0,103.0,158.058252427,8.0,"[3.843, 1.0]"
BB3:YAP-ESX-0.3E6+0.3A6,1,0.5,  2.07,5146.0,337.0,30.5400593472,8.0,"[2.02, 4.82, 1.0, 1.574]"
BB3:YAP-MX,1,0.75,  2.06,5108.0,247.0,41.3603238866,8.0,"[1.0, 1.468]"
BB3:YAP-RTY,2.5,2.5,  2.12,6602.0,63.0,209.587301587,8.0,"[1.257, 1.0]"
BB3:YAP-SXF-0.3C6+0.3A6,1,0.5,  3.05,7393.0,351.0,42.1253561254,8.0,"[1.423, 1.0, 1.416, 1.11]"
BB3:YAP-SXF-0.3C6+0.3A6,1,0.75,  2.26,5871.0,265.0,44.3094339623,8.0,"[1.423, 1.0, 1.416, 1.11]"
BB3:YAP-SXF-0.3C6+0.3A6,1.5,0.75,  2.29,4340.0,257.0,33.7743190661,8.0,"[1.423, 1.0, 1.416, 1.11]"
BB3:YAP-SXF-0.3C6+0.3A6,1.5,1.125,  2.06,4363.0,205.0,42.5658536585,8.0,"[1.423, 1.0, 1.416, 1.11]"
BB3:YAP-SXF-0.3C6+0.3A6,2,1.0,  2.76,4287.0,190.0,45.1263157895,8.0,"[1.423, 1.0, 1.416, 1.11]"
BB3:YS-GBL,1,0.5,  2.08,7821.0,197.0,79.4010152284,41.0,"[5.928, 1.0]"
BB3:YS-GBM-0.5E6+0.5A6,1.5,0.75,  2.16,6432.0,178.0,72.2696629213,41.0,"[18.104, 7.338, 1.0, 1.574]"
BB3:YS-GBS-0.5E6+0.5A6,1,0.5,  2.35,10581.0,234.0,90.4358974359,41.0,"[18.104, 30.045, 1.0, 1.574]"
BB3:YS-GBS-0.5E6+0.5A6,1.5,0.75,  2.13,7875.0,192.0,82.03125,41.0,"[18.104, 30.045, 1.0, 1.574]"
BB3:ZB-E6,3,1.5,  2.40,2996.0,84.0,71.3333333333,13.0,"[1.0, 1.138]"
BB3:ZB-GBL-0.5E6,1,0.5,  2.10,4651.0,439.0,21.1890660592,11.0,"[1.757, 3.054, 1.0]"
BB3:ZB-GBL-0.5E6,1.5,0.75,  2.17,3975.0,303.0,26.2376237624,11.0,"[1.757, 3.054, 1.0]"
BB3:ZB-GBL-0.5E6,2,1.0,  2.22,3029.0,182.0,33.2857142857,11.0,"[1.757, 3.054, 1.0]"
BB3:ZB-GBX-0.5E6,1,0.5,  2.28,4943.0,443.0,22.316027088,11.0,"[1.757, 1.117, 1.0]"
BB3:ZB-GBX-0.5E6,1,0.75,  2.00,4646.0,327.0,28.4159021407,11.0,"[1.757, 1.117, 1.0]"
BB3:ZB-GBX-0.5E6,1.5,0.75,  2.20,3913.0,291.0,26.8934707904,11.0,"[1.757, 1.117, 1.0]"
BB3:ZB-GBX-0.5E6,1.5,1.125,  2.40,4774.0,253.0,37.7391304348,11.0,"[1.757, 1.117, 1.0]"
BB3:ZB-GBX-0.5E6,2,1.0,  2.89,3923.0,200.0,39.23,11.0,"[1.757, 1.117, 1.0]"
BB3:ZB-GBX-0.5E6,2,1.5,  2.41,4039.0,175.0,46.16,11.0,"[1.757, 1.117, 1.0]"
BB3:ZB-GBX-0.5E6,2.5,1.25,  2.09,1958.0,100.0,39.16,11.0,"[1.757, 1.117, 1.0]"
BB3:ZC-C6,1,0.5,  2.46,7897.0,371.0,42.5714285714,20.0,"[2.358, 1.0]"
BB3:ZC-C6,1,0.75,  2.11,7261.0,267.0,54.3895131086,20.0,"[2.358, 1.0]"
BB3:ZC-ZS,1,0.5,  2.35,6167.0,259.0,47.6216216216,25.0,"[2.97, 1.0]"
BB3:ZC-ZS,1,1,  2.01,6350.0,143.0,88.8111888112,25.0,"[2.97, 1.0]"
BB3:ZC-ZS,1.5,0.75,  2.52,5527.0,223.0,49.5695067265,25.0,"[2.97, 1.0]"
BB3:ZC-ZS,1.5,1.125,  2.52,6628.0,165.0,80.3393939394,25.0,"[2.97, 1.0]"
BB3:ZC-ZS,1.5,1.5,  2.29,7252.0,107.0,135.551401869,25.0,"[2.97, 1.0]"
BB3:ZC-ZS,2,1.5,  2.15,4848.0,131.0,74.0152671756,25.0,"[2.97, 1.0]"
BB3:ZC-ZS,2,2,  2.08,6598.0,79.0,167.037974684,25.0,"[2.97, 1.0]"
BB3:ZC-ZW,1.5,0.75,  2.22,4885.0,200.0,48.85,25.0,"[2.142, 1.0]"
BB3:ZC-ZW,1.5,1.125,  2.10,5332.0,151.0,70.6225165563,25.0,"[2.142, 1.0]"
BB3:ZC-ZW,1.5,1.5,  2.51,7958.0,99.0,160.767676768,25.0,"[2.142, 1.0]"
BB3:ZC-ZW,2,2,  2.17,6862.0,69.0,198.898550725,25.0,"[2.142, 1.0]"
BB3:ZC-ZW,3.5,2.625,  2.28,2383.0,42.0,113.476190476,25.0,"[2.142, 1.0]"
BB3:ZF-R,2,1.5,  2.01,2713.0,98.0,55.3673469388,13.0,"[3.146, 1.0]"
BB3:ZF-R,2,2,  2.18,4855.0,53.0,183.20754717,13.0,"[3.146, 1.0]"
BB3:ZF-ZB-0.33VX2,1,0.5,  2.06,5499.0,355.0,30.9802816901,18.0,"[11.645, 2.814, 1.0]"
BB3:ZF-ZB-0.5VX2,1,0.5,  2.13,6432.0,385.0,33.412987013,18.0,"[7.686, 1.857, 1.0]"
BB3:ZF-ZB-0.75VX2,1,0.5,  2.28,8702.0,439.0,39.6446469248,18.0,"[5.124, 1.238, 1.0]"
BB3:ZF-ZB-0.75VX2,1.5,0.75,  2.33,7587.0,333.0,45.5675675676,18.0,"[5.124, 1.238, 1.0]"
BB3:ZF-ZB-0.75VX2,2,1.0,  2.08,5547.0,227.0,48.872246696,18.0,"[5.124, 1.238, 1.0]"
BB3:ZL-ZM,1,0.5,  2.05,6305.0,379.0,33.27176781,20.0,"[1.635, 1.0]"
BB3:ZL-ZM,1.5,0.75,  2.49,6580.0,293.0,44.9146757679,20.0,"[1.635, 1.0]"
BB3:ZL-ZM,1.5,1.125,  2.13,6268.0,233.0,53.8025751073,20.0,"[1.635, 1.0]"
BB3:ZL-ZM,2,1.0,  2.68,5554.0,199.0,55.8190954774,20.0,"[1.635, 1.0]"
BB3:ZL-ZM,2.5,1.25,  2.84,4769.0,135.0,70.6518518519,20.0,"[1.635, 1.0]"
BB3:ZL-ZM,2.5,1.875,  2.23,4671.0,123.0,75.9512195122,20.0,"[1.635, 1.0]"
BB3:ZN+ES-TS-YAP-E6-A6,1.5,0.75,  2.57,11422.0,376.0,60.7553191489,11.0,"[7.576, 1.0, 8.758, 2.038, 3.364, 5.295]"
BB3:ZN+ES-TS-YAP-E6-A6,1.5,1.125,  2.14,10584.0,278.0,76.1438848921,11.0,"[7.576, 1.0, 8.758, 2.038, 3.364, 5.295]"
BB3:ZN+ES-TS-YAP-E6-A6,2,1.5,  2.01,8218.0,184.0,89.3260869565,11.0,"[7.576, 1.0, 8.758, 2.038, 3.364, 5.295]"
BB3:ZN+ES-TS-YAP-E6-A6,2.5,1.875,  2.41,7451.0,110.0,135.472727273,11.0,"[7.576, 1.0, 8.758, 2.038, 3.364, 5.295]"
BB3:ZN+ICEDX,3,1.5,  2.20,2722.0,78.0,69.7948717949,11.0,"[1.346, 1.0]"
BB3:ZN+ICEDX,4,2.0,  2.55,1477.0,20.0,147.7,11.0,"[1.346, 1.0]"
BB3:ZN+ICEDX,4,3.0,  2.42,2045.0,20.0,204.5,11.0,"[1.346, 1.0]"
BB3:ZN-E6,3.5,1.75,  2.04,1780.0,40.0,89.0,11.0,"[2.252, 1.0]"
BB3:ZN-E6,4,2.0,  2.14,1399.0,24.0,116.583333333,11.0,"[2.252, 1.0]"
BB3:ZN-E6,4,3.0,  2.11,1902.0,24.0,158.5,11.0,"[2.252, 1.0]"
BB3:ZN-GBL-0.3E6,1,0.5,  2.47,5337.0,439.0,24.3143507973,11.0,"[7.508, 5.09, 1.0]"
BB3:ZN-GBL-0.3E6,1.5,0.75,  2.19,3939.0,289.0,27.2595155709,11.0,"[7.508, 5.09, 1.0]"
BB3:ZN-GBL-0.3E6,2,1.0,  2.48,3511.0,209.0,33.5980861244,11.0,"[7.508, 5.09, 1.0]"
BB3:ZN-GBL-0.3E6,2.5,1.25,  2.41,2403.0,111.0,43.2972972973,11.0,"[7.508, 5.09, 1.0]"
BB3:ZN-GBL-0.3E6,2.5,1.875,  2.14,2750.0,103.0,53.3980582524,11.0,"[7.508, 5.09, 1.0]"
BB3:ZN-GBL-0.5E6,1,0.5,  2.77,6190.0,461.0,26.8546637744,11.0,"[4.505, 3.054, 1.0]"
BB3:ZN-GBL-0.5E6,1,0.75,  2.58,6256.0,339.0,36.9085545723,11.0,"[4.505, 3.054, 1.0]"
BB3:ZN-GBL-0.5E6,1.5,0.75,  2.59,4674.0,317.0,29.4889589905,11.0,"[4.505, 3.054, 1.0]"
BB3:ZN-GBL-0.5E6,2,1.0,  2.24,3189.0,201.0,31.7313432836,11.0,"[4.505, 3.054, 1.0]"
BB3:ZN-GBL-0.5E6,2.5,1.25,  2.21,2291.0,115.0,39.8434782609,11.0,"[4.505, 3.054, 1.0]"
BB3:ZN-GBL-E6,1,0.5,  2.74,7337.0,505.0,29.0574257426,11.0,"[2.252, 1.527, 1.0]"
BB3:ZN-GBL-E6,1,0.75,  2.26,6404.0,383.0,33.4412532637,11.0,"[2.252, 1.527, 1.0]"
BB3:ZN-GBL-E6,1.5,0.75,  2.31,5130.0,323.0,31.7647058824,11.0,"[2.252, 1.527, 1.0]"
BB3:ZN-GBL-E6,1.5,1.125,  2.31,5689.0,265.0,42.9358490566,11.0,"[2.252, 1.527, 1.0]"
BB3:ZN-GBL-E6,2,1.0,  2.24,3925.0,215.0,36.511627907,11.0,"[2.252, 1.527, 1.0]"
BB3:ZN-GBL-E6,3,1.5,  2.46,2051.0,62.0,66.1612903226,11.0,"[2.252, 1.527, 1.0]"
BB3:ZN-R,2,1.0,  2.42,3256.0,174.0,37.4252873563,11.0,"[1.949, 1.0]"
BB3:ZN-R,2.5,1.25,  2.16,1920.0,96.0,40.0,11.0,"[1.949, 1.0]"
BB3:ZN-R,3.5,2.625,  2.13,1288.0,28.0,92.0,11.0,"[1.949, 1.0]"
BB3:ZN-ZB-0.33VX2,1,0.5,  2.07,5616.0,311.0,36.115755627,18.0,"[7.215, 2.814, 1.0]"
BB3:ZN-ZB-0.33VX2,2,1.0,  2.08,3660.0,195.0,37.5384615385,18.0,"[7.215, 2.814, 1.0]"
BB3:ZN-ZB-0.5VX2,1,0.5,  2.27,7083.0,383.0,36.9869451697,18.0,"[4.762, 1.857, 1.0]"
BB3:ZN-ZB-0.5VX2,1.5,0.75,  2.37,6142.0,307.0,40.013029316,18.0,"[4.762, 1.857, 1.0]"
BB3:ZN-ZB-0.5VX2,2.5,1.875,  2.07,4471.0,128.0,69.859375,18.0,"[4.762, 1.857, 1.0]"
BB3:ZN-ZB-0.75VX2,1,0.5,  2.03,7945.0,419.0,37.923627685,18.0,"[3.175, 1.238, 1.0]"
BB3:ZN-ZB-0.75VX2,1.5,0.75,  2.38,7846.0,331.0,47.4078549849,18.0,"[3.175, 1.238, 1.0]"
BB3:ZN-ZB-0.75VX2,2,1.0,  2.17,5859.0,228.0,51.3947368421,18.0,"[3.175, 1.238, 1.0]"
BB3:ZS-C6,3.5,3.5,  2.24,8112.0,39.0,416.0,16.0,"[1.0, 1.26]"
BB3:ZS-ZC,1,0.5,  2.45,6222.0,343.0,36.2798833819,16.0,"[1.0, 2.97]"
BB3:ZS-ZC,1.5,0.75,  2.43,5274.0,265.0,39.8037735849,16.0,"[1.0, 2.97]"
BB3:ZS-ZC,1.5,1.125,  2.40,6021.0,203.0,59.3201970443,16.0,"[1.0, 2.97]"
BB3:ZS-ZC,1.5,1.5,  2.13,6750.0,115.0,117.391304348,16.0,"[1.0, 2.97]"
BB3:ZS-ZC,2,1.0,  2.51,4533.0,191.0,47.4659685864,16.0,"[1.0, 2.97]"
BB3:ZS-ZC,2,1.5,  2.28,4981.0,163.0,61.1165644172,16.0,"[1.0, 2.97]"
BB3:ZS-ZC,2,2,  2.18,6908.0,87.0,158.804597701,16.0,"[1.0, 2.97]"
BB3:ZS-ZC,2.5,2.5,  2.12,6696.0,65.0,206.030769231,16.0,"[1.0, 2.97]"
BB3:ZS-ZM,3,1.5,  2.02,1475.0,82.0,35.9756097561,16.0,"[1.0, 1.623]"
BB3:ZS-ZM,3,2.25,  2.29,2118.0,80.0,52.95,16.0,"[1.0, 1.623]"
BB3:ZS-ZW,1.5,1.5,  2.40,7688.0,119.0,129.210084034,16.0,"[1.0, 1.387]"
BB3:ZS-ZW,2,2,  3.45,11080.0,95.0,233.263157895,16.0,"[1.0, 1.387]"
BB3:ZS-ZW,2.5,2.5,  2.21,7100.0,51.0,278.431372549,16.0,"[1.0, 1.387]"
BB3:ZW-C6,1,0.5,  2.58,7378.0,439.0,33.6127562642,13.0,"[1.101, 1.0]"
BB3:ZW-C6,1,0.75,  2.45,7449.0,345.0,43.1826086957,13.0,"[1.101, 1.0]"
BB3:ZW-C6,1,1,  2.83,10498.0,193.0,108.787564767,13.0,"[1.101, 1.0]"
BB3:ZW-C6,1.5,0.75,  2.19,5306.0,293.0,36.2184300341,13.0,"[1.101, 1.0]"
BB3:ZW-C6,1.5,1.125,  2.20,5797.0,235.0,49.3361702128,13.0,"[1.101, 1.0]"
BB3:ZW-C6,2,1.5,  2.30,5137.0,172.0,59.7325581395,13.0,"[1.101, 1.0]"
BB3:ZW-C6,4,3.0,  2.01,1331.0,18.0,147.888888889,13.0,"[1.101, 1.0]"
BB3:ZW-M6,3,1.5,  2.19,2610.0,78.0,66.9230769231,16.0,"[1.0, 1.401]"
